YEAR,MO,DY,Distribuidora,T2M,T2MDEW,T2MWET,TS,T2M_RANGE,T2M_MAX,T2M_MIN,QV2M,RH2M,PRECTOTCORR,Distribuidora
2025,3,1,Cali,17.97,15.5,16.73,18.16,7.94,22.75,14.81,13.65,86.57,9.5,Cali
2025,3,2,Cali,16.9,15.63,16.26,16.98,4.25,19.48,15.23,13.77,92.56,31.43,Cali
2025,3,3,Cali,17.18,15.62,16.4,17.35,4.78,20.1,15.32,13.76,90.93,22.53,Cali
2025,3,4,Cali,17.15,15.46,16.31,17.3,5.39,20.57,15.18,13.62,90.29,21.85,Cali
2025,3,5,Cali,16.58,15.36,15.97,16.69,3.77,18.94,15.17,13.54,92.8,22.61,Cali
2025,3,6,Cali,16.43,14.87,15.65,16.71,4.96,19.36,14.4,13.09,91.0,25.18,Cali
2025,3,7,Cali,16.97,15.07,16.02,17.21,7.04,21.37,14.33,13.25,89.36,18.19,Cali
2025,3,8,Cali,17.19,15.51,16.35,17.36,4.86,20.36,15.5,13.63,90.39,17.61,Cali
2025,3,9,Cali,17.4,15.35,16.37,17.63,6.8,21.82,15.02,13.49,88.57,10.61,Cali
2025,3,10,Cali,17.7,15.09,16.4,18.04,8.96,22.91,13.95,13.28,85.99,8.69,Cali
2025,3,11,Cali,17.48,15.48,16.48,17.72,6.49,21.59,15.1,13.61,88.84,17.64,Cali
2025,3,12,Cali,17.73,15.63,16.68,18.04,7.31,22.33,15.02,13.74,88.48,13.79,Cali
2025,3,13,Cali,17.67,15.57,16.62,17.96,7.58,22.46,14.88,13.69,88.43,27.3,Cali
2025,3,14,Cali,16.26,15.18,15.72,16.25,3.75,18.61,14.86,13.38,93.63,43.91,Cali
2025,3,15,Cali,16.29,14.89,15.59,16.11,4.37,18.89,14.52,13.14,91.75,11.31,Cali
2025,3,16,Cali,16.61,14.84,15.72,16.55,5.79,20.16,14.37,13.06,89.81,14.89,Cali
2025,3,17,Cali,16.86,14.71,15.78,17.02,8.16,21.44,13.28,12.94,88.1,13.84,Cali
2025,3,18,Cali,17.6,15.42,16.51,17.88,8.13,22.26,14.13,13.57,87.99,15.51,Cali
2025,3,19,Cali,17.97,15.73,16.85,18.27,8.1,22.78,14.68,13.85,87.74,10.22,Cali
2025,3,20,Cali,17.0,15.05,16.03,17.05,6.41,20.68,14.27,13.25,88.96,5.52,Cali
2025,3,21,Cali,17.46,14.94,16.2,17.82,10.49,23.22,12.73,13.19,86.48,5.81,Cali
2025,3,22,Cali,17.7,15.71,16.71,17.99,8.11,22.28,14.17,13.86,89.02,7.88,Cali
2025,3,23,Cali,17.95,15.6,16.77,18.3,8.63,22.89,14.26,13.74,87.33,4.67,Cali
2025,3,24,Cali,18.22,15.49,16.85,18.5,9.13,23.52,14.39,13.64,85.69,3.84,Cali
2025,3,25,Cali,18.18,15.38,16.78,18.39,9.63,23.78,14.15,13.53,85.19,7.98,Cali
2025,3,26,Cali,-999.0,-999.0,-999.0,-999.0,-999.0,-999.0,-999.0,-999.0,-999.0,-999.0,Cali
2025,3,27,Cali,-999.0,-999.0,-999.0,-999.0,-999.0,-999.0,-999.0,-999.0,-999.0,-999.0,Cali
2025,3,28,Cali,-999.0,-999.0,-999.0,-999.0,-999.0,-999.0,-999.0,-999.0,-999.0,-999.0,Cali
2025,3,29,Cali,-999.0,-999.0,-999.0,-999.0,-999.0,-999.0,-999.0,-999.0,-999.0,-999.0,Cali
2025,3,30,Cali,-999.0,-999.0,-999.0,-999.0,-999.0,-999.0,-999.0,-999.0,-999.0,-999.0,Cali
2025,3,31,Cali,-999.0,-999.0,-999.0,-999.0,-999.0,-999.0,-999.0,-999.0,-999.0,-999.0,Cali
2025,3,1,Girardot,20.23,17.98,19.1,20.27,5.71,24.07,18.36,15.04,87.74,24.6,Girardot
2025,3,2,Girardot,20.25,17.53,18.89,20.35,7.85,24.83,16.98,14.61,85.65,10.79,Girardot
2025,3,3,Girardot,20.06,17.79,18.93,19.93,5.67,23.71,18.04,14.85,87.57,15.15,Girardot
2025,3,4,Girardot,20.38,17.95,19.17,20.27,6.7,24.74,18.04,15.01,86.86,23.54,Girardot
2025,3,5,Girardot,19.32,17.99,18.65,19.16,2.91,21.2,18.29,15.06,92.29,27.84,Girardot
2025,3,6,Girardot,18.64,17.37,18.0,18.42,2.61,20.19,17.58,14.46,92.58,17.35,Girardot
2025,3,7,Girardot,18.94,16.85,17.89,18.67,6.4,22.52,16.12,13.96,88.36,4.78,Girardot
2025,3,8,Girardot,19.88,17.42,18.65,19.89,7.13,24.4,17.27,14.48,86.74,10.01,Girardot
2025,3,9,Girardot,21.01,17.72,19.37,21.02,8.69,26.19,17.5,14.77,83.08,7.13,Girardot
2025,3,10,Girardot,21.03,17.25,19.14,21.03,8.78,26.23,17.45,14.33,80.76,9.66,Girardot
2025,3,11,Girardot,20.84,17.43,19.14,20.58,8.44,25.78,17.34,14.51,81.98,14.16,Girardot
2025,3,12,Girardot,20.58,17.98,19.28,20.69,7.0,25.32,18.32,15.01,86.23,25.14,Girardot
2025,3,13,Girardot,21.02,18.28,19.65,21.15,7.58,25.85,18.27,15.31,85.54,21.51,Girardot
2025,3,14,Girardot,18.93,18.03,18.48,18.67,1.99,19.6,17.61,15.1,94.66,33.42,Girardot
2025,3,15,Girardot,19.74,17.2,18.47,19.84,8.45,24.79,16.34,14.32,86.65,6.45,Girardot
2025,3,16,Girardot,20.39,17.79,19.09,20.47,8.2,25.5,17.3,14.83,86.28,22.91,Girardot
2025,3,17,Girardot,18.89,17.67,18.28,18.74,2.77,20.49,17.72,14.71,92.85,10.47,Girardot
2025,3,18,Girardot,20.28,17.43,18.86,20.25,7.68,24.6,16.92,14.5,84.98,9.77,Girardot
2025,3,19,Girardot,20.62,17.91,19.26,20.61,7.79,25.54,17.75,14.96,85.66,11.33,Girardot
2025,3,20,Girardot,19.97,17.59,18.78,19.76,6.66,24.25,17.59,14.64,86.97,8.02,Girardot
2025,3,21,Girardot,20.63,17.77,19.2,20.67,8.89,25.67,16.78,14.82,85.0,9.16,Girardot
2025,3,22,Girardot,21.14,17.9,19.52,21.09,8.59,26.22,17.63,14.95,83.21,9.08,Girardot
2025,3,23,Girardot,21.08,17.46,19.27,20.82,8.55,26.07,17.52,14.54,81.28,3.67,Girardot
2025,3,24,Girardot,20.87,17.22,19.04,20.56,8.91,25.92,17.01,14.32,81.0,3.06,Girardot
2025,3,25,Girardot,21.25,17.4,19.33,20.76,8.74,26.39,17.65,14.47,79.97,3.62,Girardot
2025,3,26,Girardot,-999.0,-999.0,-999.0,-999.0,-999.0,-999.0,-999.0,-999.0,-999.0,-999.0,Girardot
2025,3,27,Girardot,-999.0,-999.0,-999.0,-999.0,-999.0,-999.0,-999.0,-999.0,-999.0,-999.0,Girardot
2025,3,28,Girardot,-999.0,-999.0,-999.0,-999.0,-999.0,-999.0,-999.0,-999.0,-999.0,-999.0,Girardot
2025,3,29,Girardot,-999.0,-999.0,-999.0,-999.0,-999.0,-999.0,-999.0,-999.0,-999.0,-999.0,Girardot
2025,3,30,Girardot,-999.0,-999.0,-999.0,-999.0,-999.0,-999.0,-999.0,-999.0,-999.0,-999.0,Girardot
2025,3,31,Girardot,-999.0,-999.0,-999.0,-999.0,-999.0,-999.0,-999.0,-999.0,-999.0,-999.0,Girardot
2025,3,1,Villavicencio,19.35,17.56,18.46,19.03,4.04,21.78,17.74,14.64,89.77,5.21,Villavicencio
2025,3,2,Villavicencio,19.46,17.29,18.37,19.15,5.27,22.8,17.53,14.38,87.81,7.92,Villavicencio
2025,3,3,Villavicencio,19.8,17.28,18.54,19.6,6.96,23.9,16.94,14.36,86.41,6.01,Villavicencio
2025,3,4,Villavicencio,19.71,17.56,18.64,19.49,5.42,23.05,17.63,14.63,88.16,8.57,Villavicencio
2025,3,5,Villavicencio,19.02,17.58,18.3,18.71,4.35,21.52,17.17,14.67,91.74,9.66,Villavicencio
2025,3,6,Villavicencio,18.92,17.24,18.08,18.44,3.96,21.22,17.26,14.32,90.26,7.76,Villavicencio
2025,3,7,Villavicencio,19.38,17.21,18.3,19.13,5.58,22.8,17.22,14.28,87.87,12.64,Villavicencio
2025,3,8,Villavicencio,19.59,17.24,18.42,19.44,5.53,22.75,17.22,14.31,87.04,10.9,Villavicencio
2025,3,9,Villavicencio,19.6,16.47,18.04,19.28,7.93,24.09,16.16,13.62,83.28,2.98,Villavicencio
2025,3,10,Villavicencio,19.93,16.66,18.29,19.57,8.04,24.35,16.31,13.81,82.82,6.04,Villavicencio
2025,3,11,Villavicencio,19.67,17.11,18.39,19.47,6.9,23.73,16.83,14.19,86.13,7.64,Villavicencio
2025,3,12,Villavicencio,20.08,17.43,18.75,19.9,7.4,24.33,16.93,14.48,85.75,7.14,Villavicencio
2025,3,13,Villavicencio,19.78,18.09,18.94,19.69,5.44,22.84,17.4,15.11,90.56,15.75,Villavicencio
2025,3,14,Villavicencio,19.73,18.2,18.96,19.85,4.82,22.62,17.8,15.22,91.47,16.49,Villavicencio
2025,3,15,Villavicencio,19.61,17.94,18.78,19.69,5.27,23.19,17.92,14.97,90.8,11.95,Villavicencio
2025,3,16,Villavicencio,18.88,17.11,17.99,18.57,5.0,21.92,16.92,14.19,89.81,12.64,Villavicencio
2025,3,17,Villavicencio,18.42,17.1,17.76,18.11,3.27,20.45,17.18,14.18,92.24,41.36,Villavicencio
2025,3,18,Villavicencio,19.12,17.26,18.19,18.93,4.82,21.94,17.12,14.34,89.39,18.26,Villavicencio
2025,3,19,Villavicencio,19.18,17.76,18.47,19.06,4.79,22.01,17.22,14.81,91.89,9.96,Villavicencio
2025,3,20,Villavicencio,18.58,17.23,17.9,18.29,4.69,21.7,17.01,14.31,92.13,12.8,Villavicencio
2025,3,21,Villavicencio,19.26,17.59,18.43,19.17,5.75,22.81,17.06,14.64,90.53,11.73,Villavicencio
2025,3,22,Villavicencio,18.8,17.43,18.12,18.74,4.48,21.25,16.77,14.49,92.11,8.89,Villavicencio
2025,3,23,Villavicencio,19.2,16.85,18.03,18.95,6.31,22.7,16.39,13.98,87.03,4.83,Villavicencio
2025,3,24,Villavicencio,19.02,16.34,17.68,18.57,6.52,22.78,16.26,13.52,85.07,1.91,Villavicencio
2025,3,25,Villavicencio,19.85,16.1,17.98,19.2,7.82,24.14,16.32,13.31,80.02,1.15,Villavicencio
2025,3,26,Villavicencio,-999.0,-999.0,-999.0,-999.0,-999.0,-999.0,-999.0,-999.0,-999.0,-999.0,Villavicencio
2025,3,27,Villavicencio,-999.0,-999.0,-999.0,-999.0,-999.0,-999.0,-999.0,-999.0,-999.0,-999.0,Villavicencio
2025,3,28,Villavicencio,-999.0,-999.0,-999.0,-999.0,-999.0,-999.0,-999.0,-999.0,-999.0,-999.0,Villavicencio
2025,3,29,Villavicencio,-999.0,-999.0,-999.0,-999.0,-999.0,-999.0,-999.0,-999.0,-999.0,-999.0,Villavicencio
2025,3,30,Villavicencio,-999.0,-999.0,-999.0,-999.0,-999.0,-999.0,-999.0,-999.0,-999.0,-999.0,Villavicencio
2025,3,31,Villavicencio,-999.0,-999.0,-999.0,-999.0,-999.0,-999.0,-999.0,-999.0,-999.0,-999.0,Villavicencio
2025,3,1,Valledupar,22.82,16.72,19.77,23.92,12.1,29.2,17.1,13.36,71.42,0.53,Valledupar
2025,3,2,Valledupar,23.04,16.51,19.78,24.09,12.14,29.58,17.44,13.18,69.71,1.41,Valledupar
2025,3,3,Valledupar,22.76,16.29,19.53,23.84,10.1,28.32,18.22,12.99,69.18,1.57,Valledupar
2025,3,4,Valledupar,22.69,16.43,19.56,23.78,10.51,28.24,17.73,13.11,70.35,1.34,Valledupar
2025,3,5,Valledupar,23.2,16.79,19.99,24.38,11.48,29.57,18.09,13.42,69.96,1.41,Valledupar
2025,3,6,Valledupar,22.4,17.41,19.9,23.23,8.35,27.08,18.73,13.92,75.12,3.38,Valledupar
2025,3,7,Valledupar,23.06,16.46,19.76,24.27,11.24,29.53,18.29,13.12,69.69,0.67,Valledupar
2025,3,8,Valledupar,22.82,15.56,19.19,23.79,12.09,28.97,16.88,12.36,66.23,0.14,Valledupar
2025,3,9,Valledupar,23.44,15.21,19.32,24.32,14.05,30.62,16.57,12.09,62.77,0.07,Valledupar
2025,3,10,Valledupar,24.1,14.99,19.54,24.99,13.1,31.13,18.03,11.95,60.05,0.12,Valledupar
2025,3,11,Valledupar,24.26,16.06,20.16,25.29,13.43,31.25,17.82,12.79,63.54,0.15,Valledupar
2025,3,12,Valledupar,24.14,16.47,20.31,25.19,11.32,30.43,19.11,13.13,65.12,0.66,Valledupar
2025,3,13,Valledupar,23.85,16.1,19.98,24.91,11.6,30.28,18.68,12.81,64.53,0.5,Valledupar
2025,3,14,Valledupar,23.73,15.87,19.8,25.02,12.84,30.77,17.93,12.64,64.59,1.37,Valledupar
2025,3,15,Valledupar,23.69,15.83,19.76,24.79,12.5,30.5,18.0,12.6,63.96,0.83,Valledupar
2025,3,16,Valledupar,23.69,17.07,20.38,24.6,10.79,30.03,19.24,13.65,68.58,7.88,Valledupar
2025,3,17,Valledupar,22.7,19.56,21.13,23.39,6.96,27.08,20.12,15.92,83.5,10.74,Valledupar
2025,3,18,Valledupar,22.24,18.27,20.25,23.12,8.24,27.39,19.15,14.7,80.05,3.41,Valledupar
2025,3,19,Valledupar,21.97,17.82,19.9,23.03,9.39,27.21,17.82,14.3,79.06,2.51,Valledupar
2025,3,20,Valledupar,22.63,18.7,20.67,23.49,8.57,27.59,19.02,15.11,79.87,6.37,Valledupar
2025,3,21,Valledupar,22.54,18.73,20.63,23.21,8.76,27.59,18.83,15.13,80.46,2.58,Valledupar
2025,3,22,Valledupar,22.56,17.76,20.16,23.12,8.84,27.43,18.59,14.22,75.73,1.88,Valledupar
2025,3,23,Valledupar,22.54,17.08,19.81,23.44,9.97,28.52,18.55,13.64,73.44,0.97,Valledupar
2025,3,24,Valledupar,22.66,16.05,19.35,23.46,12.55,29.47,16.92,12.77,69.04,0.4,Valledupar
2025,3,25,Valledupar,23.63,16.86,20.25,24.53,13.28,30.41,17.13,13.44,68.44,0.84,Valledupar
2025,3,26,Valledupar,-999.0,-999.0,-999.0,-999.0,-999.0,-999.0,-999.0,-999.0,-999.0,-999.0,Valledupar
2025,3,27,Valledupar,-999.0,-999.0,-999.0,-999.0,-999.0,-999.0,-999.0,-999.0,-999.0,-999.0,Valledupar
2025,3,28,Valledupar,-999.0,-999.0,-999.0,-999.0,-999.0,-999.0,-999.0,-999.0,-999.0,-999.0,Valledupar
2025,3,29,Valledupar,-999.0,-999.0,-999.0,-999.0,-999.0,-999.0,-999.0,-999.0,-999.0,-999.0,Valledupar
2025,3,30,Valledupar,-999.0,-999.0,-999.0,-999.0,-999.0,-999.0,-999.0,-999.0,-999.0,-999.0,Valledupar
2025,3,31,Valledupar,-999.0,-999.0,-999.0,-999.0,-999.0,-999.0,-999.0,-999.0,-999.0,-999.0,Valledupar
2025,3,1,Medellin,17.93,14.88,16.41,17.92,7.94,23.1,15.16,13.16,84.46,5.06,Medellin
2025,3,2,Medellin,17.6,14.44,16.02,17.56,7.57,22.56,14.99,12.79,83.9,2.91,Medellin
2025,3,3,Medellin,16.88,14.95,15.91,16.83,5.82,20.39,14.57,13.2,89.25,11.89,Medellin
2025,3,4,Medellin,16.98,15.26,16.12,16.95,5.68,20.7,15.02,13.48,90.28,13.28,Medellin
2025,3,5,Medellin,16.99,15.36,16.17,16.9,4.61,19.92,15.31,13.56,90.69,16.28,Medellin
2025,3,6,Medellin,16.57,15.09,15.83,16.47,4.56,19.47,14.91,13.31,91.44,16.21,Medellin
2025,3,7,Medellin,16.27,14.93,15.6,15.98,4.6,19.33,14.73,13.16,92.24,17.29,Medellin
2025,3,8,Medellin,17.22,15.19,16.21,17.04,7.31,21.31,14.0,13.42,88.82,16.58,Medellin
2025,3,9,Medellin,17.39,15.36,16.38,17.31,5.41,20.75,15.34,13.53,88.78,11.89,Medellin
2025,3,10,Medellin,17.58,14.51,16.04,17.34,8.6,22.86,14.26,12.82,84.33,4.56,Medellin
2025,3,11,Medellin,16.93,14.94,15.94,16.76,6.78,21.14,14.36,13.18,88.94,14.85,Medellin
2025,3,12,Medellin,16.93,14.84,15.89,16.84,6.47,21.08,14.61,13.09,88.57,14.72,Medellin
2025,3,13,Medellin,16.74,14.89,15.81,16.79,7.21,20.76,13.55,13.14,89.67,16.82,Medellin
2025,3,14,Medellin,16.67,15.15,15.91,16.57,4.13,19.3,15.17,13.36,91.26,13.71,Medellin
2025,3,15,Medellin,16.93,14.65,15.79,16.76,7.13,20.77,13.64,12.96,87.63,11.47,Medellin
2025,3,16,Medellin,16.44,15.26,15.85,16.38,3.14,18.44,15.3,13.45,93.11,35.05,Medellin
2025,3,17,Medellin,17.18,15.51,16.34,17.09,5.59,20.65,15.06,13.65,90.53,19.43,Medellin
2025,3,18,Medellin,17.36,15.49,16.43,17.28,5.48,20.96,15.48,13.65,89.55,20.22,Medellin
2025,3,19,Medellin,17.98,15.54,16.76,18.04,7.25,22.43,15.18,13.7,87.02,10.38,Medellin
2025,3,20,Medellin,18.02,16.05,17.03,18.0,6.62,21.87,15.25,14.16,89.15,14.99,Medellin
2025,3,21,Medellin,18.02,15.97,16.99,18.06,6.32,22.32,16.0,14.08,88.86,21.71,Medellin
2025,3,22,Medellin,18.38,15.61,16.99,18.36,7.82,23.42,15.6,13.78,85.69,11.61,Medellin
2025,3,23,Medellin,18.16,15.6,16.88,17.99,7.75,22.9,15.15,13.77,86.47,4.37,Medellin
2025,3,24,Medellin,18.72,16.01,17.36,18.49,7.88,23.32,15.44,14.16,85.86,5.26,Medellin
2025,3,25,Medellin,17.66,15.92,16.79,17.42,4.63,20.45,15.82,14.05,90.2,7.64,Medellin
2025,3,26,Medellin,-999.0,-999.0,-999.0,-999.0,-999.0,-999.0,-999.0,-999.0,-999.0,-999.0,Medellin
2025,3,27,Medellin,-999.0,-999.0,-999.0,-999.0,-999.0,-999.0,-999.0,-999.0,-999.0,-999.0,Medellin
2025,3,28,Medellin,-999.0,-999.0,-999.0,-999.0,-999.0,-999.0,-999.0,-999.0,-999.0,-999.0,Medellin
2025,3,29,Medellin,-999.0,-999.0,-999.0,-999.0,-999.0,-999.0,-999.0,-999.0,-999.0,-999.0,Medellin
2025,3,30,Medellin,-999.0,-999.0,-999.0,-999.0,-999.0,-999.0,-999.0,-999.0,-999.0,-999.0,Medellin
2025,3,31,Medellin,-999.0,-999.0,-999.0,-999.0,-999.0,-999.0,-999.0,-999.0,-999.0,-999.0,Medellin
2025,3,1,Bogota Norte,16.54,14.82,15.68,16.36,4.23,19.16,14.93,13.07,90.03,11.36,Bogota Norte
2025,3,2,Bogota Norte,16.54,14.85,15.69,16.4,4.16,19.11,14.95,13.08,90.15,12.62,Bogota Norte
2025,3,3,Bogota Norte,16.96,14.51,15.73,16.88,7.27,21.35,14.08,12.79,86.64,4.78,Bogota Norte
2025,3,4,Bogota Norte,16.88,14.78,15.83,16.77,5.75,20.36,14.61,13.03,88.26,10.46,Bogota Norte
2025,3,5,Bogota Norte,16.48,15.17,15.83,16.4,4.18,18.84,14.66,13.37,92.3,21.88,Bogota Norte
2025,3,6,Bogota Norte,16.22,14.78,15.5,15.99,3.54,18.51,14.97,13.02,91.5,24.89,Bogota Norte
2025,3,7,Bogota Norte,16.42,14.56,15.49,16.29,5.18,19.6,14.42,12.81,89.33,12.43,Bogota Norte
2025,3,8,Bogota Norte,16.62,14.32,15.47,16.63,6.28,20.12,13.84,12.61,87.23,9.06,Bogota Norte
2025,3,9,Bogota Norte,16.69,13.64,15.17,16.59,9.06,21.79,12.73,12.07,83.75,2.72,Bogota Norte
2025,3,10,Bogota Norte,16.79,13.61,15.2,16.69,8.84,21.64,12.8,12.06,83.28,5.0,Bogota Norte
2025,3,11,Bogota Norte,16.83,14.24,15.53,16.86,7.77,21.28,13.51,12.56,86.0,9.0,Bogota Norte
2025,3,12,Bogota Norte,17.21,14.68,15.94,17.16,7.4,21.5,14.1,12.91,86.26,8.38,Bogota Norte
2025,3,13,Bogota Norte,17.01,15.27,16.14,17.07,5.73,20.45,14.72,13.42,90.18,17.03,Bogota Norte
2025,3,14,Bogota Norte,16.73,15.36,16.04,16.83,4.46,19.46,15.0,13.51,92.13,14.83,Bogota Norte
2025,3,15,Bogota Norte,16.95,15.04,16.0,17.03,5.34,20.41,15.07,13.23,89.36,13.26,Bogota Norte
2025,3,16,Bogota Norte,16.89,14.73,15.81,16.83,6.68,21.18,14.5,12.95,87.88,12.19,Bogota Norte
2025,3,17,Bogota Norte,15.64,14.46,15.05,15.38,3.03,17.81,14.78,12.73,92.93,56.32,Bogota Norte
2025,3,18,Bogota Norte,16.69,14.69,15.69,16.55,5.66,20.24,14.58,12.94,88.48,18.51,Bogota Norte
2025,3,19,Bogota Norte,16.55,14.89,15.72,16.53,5.46,19.83,14.37,13.1,90.42,8.49,Bogota Norte
2025,3,20,Bogota Norte,15.88,14.38,15.13,15.63,4.84,18.7,13.86,12.68,91.12,8.89,Bogota Norte
2025,3,21,Bogota Norte,16.33,14.71,15.52,16.36,5.9,19.99,14.09,12.95,90.71,12.54,Bogota Norte
2025,3,22,Bogota Norte,16.26,14.64,15.45,16.32,5.3,19.42,14.12,12.88,90.7,6.25,Bogota Norte
2025,3,23,Bogota Norte,16.38,14.09,15.23,16.28,6.86,20.24,13.38,12.45,87.13,4.04,Bogota Norte
2025,3,24,Bogota Norte,16.17,13.79,14.98,15.83,6.71,20.23,13.52,12.2,86.45,2.53,Bogota Norte
2025,3,25,Bogota Norte,16.65,13.35,15.0,16.33,8.59,21.35,12.76,11.85,82.19,0.96,Bogota Norte
2025,3,26,Bogota Norte,-999.0,-999.0,-999.0,-999.0,-999.0,-999.0,-999.0,-999.0,-999.0,-999.0,Bogota Norte
2025,3,27,Bogota Norte,-999.0,-999.0,-999.0,-999.0,-999.0,-999.0,-999.0,-999.0,-999.0,-999.0,Bogota Norte
2025,3,28,Bogota Norte,-999.0,-999.0,-999.0,-999.0,-999.0,-999.0,-999.0,-999.0,-999.0,-999.0,Bogota Norte
2025,3,29,Bogota Norte,-999.0,-999.0,-999.0,-999.0,-999.0,-999.0,-999.0,-999.0,-999.0,-999.0,Bogota Norte
2025,3,30,Bogota Norte,-999.0,-999.0,-999.0,-999.0,-999.0,-999.0,-999.0,-999.0,-999.0,-999.0,Bogota Norte
2025,3,31,Bogota Norte,-999.0,-999.0,-999.0,-999.0,-999.0,-999.0,-999.0,-999.0,-999.0,-999.0,Bogota Norte
2025,3,1,Ibague,20.23,17.98,19.1,20.27,5.71,24.07,18.36,15.04,87.74,24.6,Ibague
2025,3,2,Ibague,20.25,17.53,18.89,20.35,7.85,24.83,16.98,14.61,85.65,10.79,Ibague
2025,3,3,Ibague,20.06,17.79,18.93,19.93,5.67,23.71,18.04,14.85,87.57,15.15,Ibague
2025,3,4,Ibague,20.38,17.95,19.17,20.27,6.7,24.74,18.04,15.01,86.86,23.54,Ibague
2025,3,5,Ibague,19.32,17.99,18.65,19.16,2.91,21.2,18.29,15.06,92.29,27.84,Ibague
2025,3,6,Ibague,18.64,17.37,18.0,18.42,2.61,20.19,17.58,14.46,92.58,17.35,Ibague
2025,3,7,Ibague,18.94,16.85,17.89,18.67,6.4,22.52,16.12,13.96,88.36,4.78,Ibague
2025,3,8,Ibague,19.88,17.42,18.65,19.89,7.13,24.4,17.27,14.48,86.74,10.01,Ibague
2025,3,9,Ibague,21.01,17.72,19.37,21.02,8.69,26.19,17.5,14.77,83.08,7.13,Ibague
2025,3,10,Ibague,21.03,17.25,19.14,21.03,8.78,26.23,17.45,14.33,80.76,9.66,Ibague
2025,3,11,Ibague,20.84,17.43,19.14,20.58,8.44,25.78,17.34,14.51,81.98,14.16,Ibague
2025,3,12,Ibague,20.58,17.98,19.28,20.69,7.0,25.32,18.32,15.01,86.23,25.14,Ibague
2025,3,13,Ibague,21.02,18.28,19.65,21.15,7.58,25.85,18.27,15.31,85.54,21.51,Ibague
2025,3,14,Ibague,18.93,18.03,18.48,18.67,1.99,19.6,17.61,15.1,94.66,33.42,Ibague
2025,3,15,Ibague,19.74,17.2,18.47,19.84,8.45,24.79,16.34,14.32,86.65,6.45,Ibague
2025,3,16,Ibague,20.39,17.79,19.09,20.47,8.2,25.5,17.3,14.83,86.28,22.91,Ibague
2025,3,17,Ibague,18.89,17.67,18.28,18.74,2.77,20.49,17.72,14.71,92.85,10.47,Ibague
2025,3,18,Ibague,20.28,17.43,18.86,20.25,7.68,24.6,16.92,14.5,84.98,9.77,Ibague
2025,3,19,Ibague,20.62,17.91,19.26,20.61,7.79,25.54,17.75,14.96,85.66,11.33,Ibague
2025,3,20,Ibague,19.97,17.59,18.78,19.76,6.66,24.25,17.59,14.64,86.97,8.02,Ibague
2025,3,21,Ibague,20.63,17.77,19.2,20.67,8.89,25.67,16.78,14.82,85.0,9.16,Ibague
2025,3,22,Ibague,21.14,17.9,19.52,21.09,8.59,26.22,17.63,14.95,83.21,9.08,Ibague
2025,3,23,Ibague,21.08,17.46,19.27,20.82,8.55,26.07,17.52,14.54,81.28,3.67,Ibague
2025,3,24,Ibague,20.87,17.22,19.04,20.56,8.91,25.92,17.01,14.32,81.0,3.06,Ibague
2025,3,25,Ibague,21.25,17.4,19.33,20.76,8.74,26.39,17.65,14.47,79.97,3.62,Ibague
2025,3,26,Ibague,-999.0,-999.0,-999.0,-999.0,-999.0,-999.0,-999.0,-999.0,-999.0,-999.0,Ibague
2025,3,27,Ibague,-999.0,-999.0,-999.0,-999.0,-999.0,-999.0,-999.0,-999.0,-999.0,-999.0,Ibague
2025,3,28,Ibague,-999.0,-999.0,-999.0,-999.0,-999.0,-999.0,-999.0,-999.0,-999.0,-999.0,Ibague
2025,3,29,Ibague,-999.0,-999.0,-999.0,-999.0,-999.0,-999.0,-999.0,-999.0,-999.0,-999.0,Ibague
2025,3,30,Ibague,-999.0,-999.0,-999.0,-999.0,-999.0,-999.0,-999.0,-999.0,-999.0,-999.0,Ibague
2025,3,31,Ibague,-999.0,-999.0,-999.0,-999.0,-999.0,-999.0,-999.0,-999.0,-999.0,-999.0,Ibague
2025,3,1,Neiva,20.73,18.56,19.65,20.43,5.43,24.09,18.66,15.34,87.82,7.44,Neiva
2025,3,2,Neiva,20.29,18.36,19.32,19.93,5.02,23.05,18.03,15.14,89.06,8.82,Neiva
2025,3,3,Neiva,21.04,18.53,19.79,20.97,7.55,25.95,18.4,15.3,86.5,12.19,Neiva
2025,3,4,Neiva,20.72,18.58,19.65,20.64,5.81,24.39,18.58,15.36,88.2,17.45,Neiva
2025,3,5,Neiva,20.09,18.35,19.22,19.92,4.68,23.0,18.32,15.14,90.09,11.07,Neiva
2025,3,6,Neiva,19.64,18.0,18.82,19.24,3.4,21.53,18.13,14.79,90.47,12.09,Neiva
2025,3,7,Neiva,20.03,17.92,18.97,20.06,7.36,24.5,17.14,14.7,88.48,9.89,Neiva
2025,3,8,Neiva,20.67,18.28,19.48,20.61,6.58,24.29,17.71,15.04,86.96,8.36,Neiva
2025,3,9,Neiva,20.79,18.39,19.59,20.7,5.94,24.42,18.48,15.14,86.88,8.86,Neiva
2025,3,10,Neiva,20.93,17.93,19.43,20.87,8.84,26.34,17.5,14.71,84.24,8.7,Neiva
2025,3,11,Neiva,20.63,18.13,19.38,20.4,6.99,24.98,17.99,14.89,86.26,5.79,Neiva
2025,3,12,Neiva,21.06,18.23,19.64,21.11,9.19,26.57,17.38,14.99,85.06,9.23,Neiva
2025,3,13,Neiva,20.81,18.57,19.69,20.67,6.64,25.02,18.38,15.31,87.77,13.98,Neiva
2025,3,14,Neiva,19.89,18.55,19.22,19.71,3.78,22.47,18.69,15.33,92.25,24.61,Neiva
2025,3,15,Neiva,20.11,18.4,19.26,19.94,4.99,23.21,18.22,15.18,90.32,6.52,Neiva
2025,3,16,Neiva,19.45,18.11,18.78,19.08,3.41,21.37,17.96,14.89,92.19,23.93,Neiva
2025,3,17,Neiva,19.3,17.6,18.45,19.22,5.41,21.93,16.52,14.4,90.38,5.0,Neiva
2025,3,18,Neiva,20.37,17.99,19.18,20.39,7.24,24.79,17.55,14.75,87.0,6.06,Neiva
2025,3,19,Neiva,20.71,18.33,19.52,20.8,7.71,25.32,17.61,15.1,87.01,10.15,Neiva
2025,3,20,Neiva,19.09,18.24,18.66,18.74,2.14,20.36,18.22,15.02,94.94,64.43,Neiva
2025,3,21,Neiva,20.56,18.0,19.28,20.58,8.95,25.83,16.88,14.78,86.38,10.33,Neiva
2025,3,22,Neiva,20.33,18.65,19.49,20.33,4.6,23.0,18.4,15.41,90.46,15.82,Neiva
2025,3,23,Neiva,20.66,18.2,19.43,20.77,7.52,25.21,17.69,14.97,86.78,7.98,Neiva
2025,3,24,Neiva,20.9,18.1,19.5,20.89,7.44,25.15,17.71,14.87,84.96,5.75,Neiva
2025,3,25,Neiva,21.04,17.39,19.21,20.58,8.79,26.07,17.28,14.22,80.65,4.61,Neiva
2025,3,26,Neiva,-999.0,-999.0,-999.0,-999.0,-999.0,-999.0,-999.0,-999.0,-999.0,-999.0,Neiva
2025,3,27,Neiva,-999.0,-999.0,-999.0,-999.0,-999.0,-999.0,-999.0,-999.0,-999.0,-999.0,Neiva
2025,3,28,Neiva,-999.0,-999.0,-999.0,-999.0,-999.0,-999.0,-999.0,-999.0,-999.0,-999.0,Neiva
2025,3,29,Neiva,-999.0,-999.0,-999.0,-999.0,-999.0,-999.0,-999.0,-999.0,-999.0,-999.0,Neiva
2025,3,30,Neiva,-999.0,-999.0,-999.0,-999.0,-999.0,-999.0,-999.0,-999.0,-999.0,-999.0,Neiva
2025,3,31,Neiva,-999.0,-999.0,-999.0,-999.0,-999.0,-999.0,-999.0,-999.0,-999.0,-999.0,Neiva
2025,3,1,Cartagena,28.16,24.05,26.1,28.82,4.19,30.73,26.54,18.62,78.39,2.27,Cartagena
2025,3,2,Cartagena,28.17,23.98,26.08,28.86,4.09,30.72,26.63,18.52,77.98,2.23,Cartagena
2025,3,3,Cartagena,28.02,23.18,25.6,28.68,4.01,30.6,26.59,17.63,74.94,0.47,Cartagena
2025,3,4,Cartagena,28.14,23.47,25.81,28.87,4.09,30.64,26.55,17.95,75.73,0.82,Cartagena
2025,3,5,Cartagena,28.17,23.63,25.9,28.91,4.35,30.83,26.48,18.13,76.34,1.4,Cartagena
2025,3,6,Cartagena,28.01,23.61,25.81,28.71,3.84,30.37,26.53,18.08,76.89,2.68,Cartagena
2025,3,7,Cartagena,27.83,23.34,25.58,28.37,3.37,29.73,26.36,17.77,76.56,1.92,Cartagena
2025,3,8,Cartagena,28.42,23.84,26.13,29.28,5.6,31.93,26.33,18.33,76.31,0.16,Cartagena
2025,3,9,Cartagena,28.65,24.08,26.36,29.31,5.07,31.78,26.71,18.61,76.27,0.84,Cartagena
2025,3,10,Cartagena,28.37,23.64,26.0,29.16,4.67,31.23,26.56,18.12,75.6,0.37,Cartagena
2025,3,11,Cartagena,28.01,23.73,25.87,28.81,4.31,30.89,26.58,18.22,77.44,0.26,Cartagena
2025,3,12,Cartagena,28.03,23.41,25.72,28.8,4.37,30.89,26.52,17.85,75.87,0.45,Cartagena
2025,3,13,Cartagena,28.31,23.79,26.05,29.02,4.78,31.49,26.71,18.29,76.44,0.61,Cartagena
2025,3,14,Cartagena,28.14,23.69,25.92,28.74,4.06,30.71,26.65,18.19,76.67,2.03,Cartagena
2025,3,15,Cartagena,28.17,23.58,25.87,29.04,4.81,31.24,26.43,18.07,76.15,1.49,Cartagena
2025,3,16,Cartagena,28.35,24.06,26.2,29.04,4.25,30.79,26.54,18.58,77.55,1.01,Cartagena
2025,3,17,Cartagena,28.43,24.66,26.55,28.85,3.72,30.76,27.04,19.27,79.99,2.05,Cartagena
2025,3,18,Cartagena,27.94,23.22,25.58,28.33,3.19,30.05,26.86,17.64,75.37,0.35,Cartagena
2025,3,19,Cartagena,27.82,22.75,25.29,28.41,3.54,29.99,26.45,17.14,73.69,0.01,Cartagena
2025,3,20,Cartagena,28.47,24.29,26.38,29.0,4.5,31.23,26.73,18.88,78.06,3.27,Cartagena
2025,3,21,Cartagena,28.19,25.07,26.63,28.48,3.25,30.34,27.09,19.82,83.19,1.91,Cartagena
2025,3,22,Cartagena,28.49,24.96,26.73,28.71,3.6,30.56,26.96,19.7,81.22,0.47,Cartagena
2025,3,23,Cartagena,28.99,24.7,26.84,29.38,5.72,32.7,26.98,19.38,77.79,1.11,Cartagena
2025,3,24,Cartagena,29.18,24.83,27.0,29.79,6.24,33.23,26.99,19.54,77.7,0.09,Cartagena
2025,3,25,Cartagena,28.78,24.89,26.83,29.14,5.89,32.87,26.98,19.62,79.83,3.07,Cartagena
2025,3,26,Cartagena,-999.0,-999.0,-999.0,-999.0,-999.0,-999.0,-999.0,-999.0,-999.0,-999.0,Cartagena
2025,3,27,Cartagena,-999.0,-999.0,-999.0,-999.0,-999.0,-999.0,-999.0,-999.0,-999.0,-999.0,Cartagena
2025,3,28,Cartagena,-999.0,-999.0,-999.0,-999.0,-999.0,-999.0,-999.0,-999.0,-999.0,-999.0,Cartagena
2025,3,29,Cartagena,-999.0,-999.0,-999.0,-999.0,-999.0,-999.0,-999.0,-999.0,-999.0,-999.0,Cartagena
2025,3,30,Cartagena,-999.0,-999.0,-999.0,-999.0,-999.0,-999.0,-999.0,-999.0,-999.0,-999.0,Cartagena
2025,3,31,Cartagena,-999.0,-999.0,-999.0,-999.0,-999.0,-999.0,-999.0,-999.0,-999.0,-999.0,Cartagena
2025,3,1,Santa Marta,26.3,22.18,24.24,26.76,5.12,29.48,24.36,17.19,78.66,1.15,Santa Marta
2025,3,2,Santa Marta,25.95,22.3,24.12,26.43,5.08,29.19,24.11,17.31,80.7,2.16,Santa Marta
2025,3,3,Santa Marta,25.66,21.81,23.73,26.23,4.58,28.52,23.94,16.79,79.55,2.34,Santa Marta
2025,3,4,Santa Marta,26.01,21.78,23.9,26.59,5.53,29.39,23.86,16.77,78.1,1.82,Santa Marta
2025,3,5,Santa Marta,25.83,22.12,23.98,26.51,5.4,29.11,23.71,17.14,80.45,3.73,Santa Marta
2025,3,6,Santa Marta,25.53,22.25,23.89,26.24,4.39,28.32,23.93,17.26,82.34,7.36,Santa Marta
2025,3,7,Santa Marta,25.62,22.08,23.85,26.21,4.35,28.28,23.93,17.03,81.07,4.66,Santa Marta
2025,3,8,Santa Marta,26.48,21.68,24.08,26.93,6.75,30.38,23.63,16.62,75.65,0.58,Santa Marta
2025,3,9,Santa Marta,26.93,21.67,24.3,27.22,6.13,30.49,24.36,16.61,73.38,0.35,Santa Marta
2025,3,10,Santa Marta,26.81,21.81,24.31,27.19,5.63,30.26,24.63,16.75,74.32,1.01,Santa Marta
2025,3,11,Santa Marta,26.61,21.99,24.3,27.17,5.99,30.31,24.32,16.95,76.18,0.37,Santa Marta
2025,3,12,Santa Marta,26.6,22.03,24.32,27.17,6.25,30.41,24.16,16.98,76.54,0.8,Santa Marta
2025,3,13,Santa Marta,26.71,22.04,24.38,27.27,6.3,30.67,24.37,17.0,76.13,0.46,Santa Marta
2025,3,14,Santa Marta,26.39,21.91,24.15,26.93,5.74,29.74,24.0,16.89,76.97,1.56,Santa Marta
2025,3,15,Santa Marta,26.3,22.28,24.29,26.87,5.0,29.46,24.46,17.28,78.85,2.57,Santa Marta
2025,3,16,Santa Marta,26.78,22.69,24.74,27.25,5.73,30.34,24.61,17.69,78.63,2.95,Santa Marta
2025,3,17,Santa Marta,26.52,23.11,24.81,26.89,4.27,29.08,24.81,18.15,81.79,1.94,Santa Marta
2025,3,18,Santa Marta,25.79,22.21,24.0,26.39,3.93,28.23,24.3,17.18,80.79,2.2,Santa Marta
2025,3,19,Santa Marta,26.11,21.66,23.88,26.73,5.2,29.14,23.94,16.61,76.78,0.72,Santa Marta
2025,3,20,Santa Marta,26.41,23.07,24.74,26.84,4.66,29.33,24.67,18.15,82.15,5.3,Santa Marta
2025,3,21,Santa Marta,26.99,23.54,25.27,27.3,5.21,30.21,25.0,18.68,81.94,2.06,Santa Marta
2025,3,22,Santa Marta,27.22,22.92,25.07,27.29,4.98,29.86,24.88,17.97,77.62,1.46,Santa Marta
2025,3,23,Santa Marta,27.79,21.84,24.81,27.73,7.35,31.67,24.32,16.81,70.75,0.57,Santa Marta
2025,3,24,Santa Marta,28.03,21.64,24.84,28.11,7.29,32.01,24.72,16.6,68.58,0.02,Santa Marta
2025,3,25,Santa Marta,27.81,22.17,24.99,27.85,6.4,31.6,25.2,17.15,71.97,3.41,Santa Marta
2025,3,26,Santa Marta,-999.0,-999.0,-999.0,-999.0,-999.0,-999.0,-999.0,-999.0,-999.0,-999.0,Santa Marta
2025,3,27,Santa Marta,-999.0,-999.0,-999.0,-999.0,-999.0,-999.0,-999.0,-999.0,-999.0,-999.0,Santa Marta
2025,3,28,Santa Marta,-999.0,-999.0,-999.0,-999.0,-999.0,-999.0,-999.0,-999.0,-999.0,-999.0,Santa Marta
2025,3,29,Santa Marta,-999.0,-999.0,-999.0,-999.0,-999.0,-999.0,-999.0,-999.0,-999.0,-999.0,Santa Marta
2025,3,30,Santa Marta,-999.0,-999.0,-999.0,-999.0,-999.0,-999.0,-999.0,-999.0,-999.0,-999.0,Santa Marta
2025,3,31,Santa Marta,-999.0,-999.0,-999.0,-999.0,-999.0,-999.0,-999.0,-999.0,-999.0,-999.0,Santa Marta
2025,3,1,Corozal,30.2,22.11,26.16,31.59,11.29,36.48,25.19,16.74,64.75,2.03,Corozal
2025,3,2,Corozal,29.75,22.31,26.03,30.99,10.41,35.93,25.52,16.91,66.73,3.9,Corozal
2025,3,3,Corozal,29.41,22.09,25.75,30.58,9.71,34.62,24.91,16.69,67.0,2.43,Corozal
2025,3,4,Corozal,29.77,21.81,25.79,31.18,11.16,35.97,24.81,16.4,64.74,2.27,Corozal
2025,3,5,Corozal,29.33,22.07,25.7,30.62,10.01,35.04,25.03,16.64,66.85,2.67,Corozal
2025,3,6,Corozal,29.25,22.16,25.7,30.57,10.46,35.24,24.78,16.74,68.05,6.74,Corozal
2025,3,7,Corozal,29.24,22.2,25.72,30.59,11.03,35.49,24.46,16.75,68.31,3.44,Corozal
2025,3,8,Corozal,30.47,21.57,26.02,31.63,11.93,36.9,24.97,16.15,62.02,1.42,Corozal
2025,3,9,Corozal,30.85,21.78,26.32,32.22,11.18,37.07,25.89,16.37,61.13,2.05,Corozal
2025,3,10,Corozal,30.7,21.62,26.16,32.25,11.74,37.2,25.46,16.24,61.55,0.25,Corozal
2025,3,11,Corozal,30.05,21.65,25.85,31.64,11.09,36.14,25.05,16.22,63.26,0.96,Corozal
2025,3,12,Corozal,29.98,21.45,25.71,31.48,10.93,36.04,25.11,16.0,62.56,0.61,Corozal
2025,3,13,Corozal,30.52,21.31,25.92,32.06,12.09,37.11,25.02,15.89,60.63,0.99,Corozal
2025,3,14,Corozal,30.37,21.53,25.95,31.97,11.68,37.14,25.46,16.13,61.96,1.4,Corozal
2025,3,15,Corozal,30.18,21.38,25.78,31.73,11.16,36.13,24.97,15.99,62.16,2.01,Corozal
2025,3,16,Corozal,29.75,22.49,26.12,30.86,8.57,34.4,25.83,17.04,66.6,3.21,Corozal
2025,3,17,Corozal,29.85,23.53,26.69,31.0,9.7,35.62,25.92,18.19,71.19,8.94,Corozal
2025,3,18,Corozal,28.64,23.35,25.99,29.42,8.23,33.39,25.16,17.98,74.6,7.47,Corozal
2025,3,19,Corozal,29.43,22.16,25.79,30.55,9.74,34.65,24.91,16.72,66.72,1.17,Corozal
2025,3,20,Corozal,30.3,22.37,26.34,31.54,11.44,36.66,25.22,16.97,64.81,5.85,Corozal
2025,3,21,Corozal,30.38,23.58,26.98,31.31,10.71,36.84,26.13,18.33,70.04,8.34,Corozal
2025,3,22,Corozal,31.1,22.89,27.0,31.76,11.22,37.09,25.87,17.61,64.94,1.99,Corozal
2025,3,23,Corozal,31.8,22.28,27.04,32.42,11.45,37.75,26.3,16.94,59.91,1.12,Corozal
2025,3,24,Corozal,32.18,21.5,26.84,32.77,11.26,38.04,26.78,16.12,55.49,0.06,Corozal
2025,3,25,Corozal,31.45,22.65,27.05,32.7,11.99,38.01,26.02,17.31,62.62,2.86,Corozal
2025,3,26,Corozal,-999.0,-999.0,-999.0,-999.0,-999.0,-999.0,-999.0,-999.0,-999.0,-999.0,Corozal
2025,3,27,Corozal,-999.0,-999.0,-999.0,-999.0,-999.0,-999.0,-999.0,-999.0,-999.0,-999.0,Corozal
2025,3,28,Corozal,-999.0,-999.0,-999.0,-999.0,-999.0,-999.0,-999.0,-999.0,-999.0,-999.0,Corozal
2025,3,29,Corozal,-999.0,-999.0,-999.0,-999.0,-999.0,-999.0,-999.0,-999.0,-999.0,-999.0,Corozal
2025,3,30,Corozal,-999.0,-999.0,-999.0,-999.0,-999.0,-999.0,-999.0,-999.0,-999.0,-999.0,Corozal
2025,3,31,Corozal,-999.0,-999.0,-999.0,-999.0,-999.0,-999.0,-999.0,-999.0,-999.0,-999.0,Corozal
2025,3,1,Bogota Sur,17.79,15.79,16.79,17.82,5.15,21.11,15.96,13.81,88.76,31.49,Bogota Sur
2025,3,2,Bogota Sur,17.14,15.64,16.39,17.04,3.27,19.07,15.8,13.68,91.21,24.74,Bogota Sur
2025,3,3,Bogota Sur,17.63,15.49,16.56,17.52,6.33,21.67,15.34,13.54,88.04,15.64,Bogota Sur
2025,3,4,Bogota Sur,17.67,15.57,16.62,17.5,5.96,21.27,15.31,13.62,88.26,17.04,Bogota Sur
2025,3,5,Bogota Sur,16.85,15.89,16.37,16.77,2.21,18.17,15.96,13.92,94.23,36.9,Bogota Sur
2025,3,6,Bogota Sur,16.26,15.09,15.68,16.02,2.58,17.92,15.34,13.19,93.0,38.65,Bogota Sur
2025,3,7,Bogota Sur,16.71,15.06,15.89,16.51,5.71,20.21,14.5,13.15,90.51,13.85,Bogota Sur
2025,3,8,Bogota Sur,17.8,15.04,16.42,17.79,7.13,22.28,15.15,13.12,85.13,11.0,Bogota Sur
2025,3,9,Bogota Sur,18.08,14.83,16.45,18.14,9.92,23.61,13.69,12.97,83.24,4.15,Bogota Sur
2025,3,10,Bogota Sur,18.1,14.61,16.36,18.09,9.45,23.48,14.03,12.78,82.01,9.13,Bogota Sur
2025,3,11,Bogota Sur,17.92,15.25,16.59,17.84,8.39,22.8,14.41,13.33,85.56,18.78,Bogota Sur
2025,3,12,Bogota Sur,17.94,15.82,16.88,17.98,5.87,21.53,15.66,13.81,88.21,29.59,Bogota Sur
2025,3,13,Bogota Sur,18.32,15.88,17.1,18.38,7.36,22.82,15.46,13.88,86.89,17.8,Bogota Sur
2025,3,14,Bogota Sur,16.94,15.65,16.3,16.85,3.0,18.85,15.85,13.68,92.36,21.03,Bogota Sur
2025,3,15,Bogota Sur,17.7,15.44,16.57,17.65,6.57,21.59,15.02,13.5,87.58,6.78,Bogota Sur
2025,3,16,Bogota Sur,17.93,15.69,16.81,18.01,8.26,23.12,14.86,13.69,87.9,15.51,Bogota Sur
2025,3,17,Bogota Sur,16.25,15.15,15.7,15.89,2.13,17.49,15.36,13.22,93.4,24.43,Bogota Sur
2025,3,18,Bogota Sur,17.21,15.1,16.16,17.14,6.99,21.19,14.2,13.19,88.18,12.13,Bogota Sur
2025,3,19,Bogota Sur,18.0,15.65,16.83,18.02,7.62,22.53,14.91,13.68,87.29,7.91,Bogota Sur
2025,3,20,Bogota Sur,17.15,15.15,16.15,16.93,6.88,21.01,14.13,13.22,88.79,5.91,Bogota Sur
2025,3,21,Bogota Sur,17.49,15.12,16.3,17.3,8.25,22.17,13.92,13.21,86.97,6.91,Bogota Sur
2025,3,22,Bogota Sur,17.9,15.04,16.47,17.72,8.54,22.59,14.05,13.14,84.72,3.49,Bogota Sur
2025,3,23,Bogota Sur,17.85,14.55,16.2,17.75,9.78,23.19,13.41,12.74,82.9,2.68,Bogota Sur
2025,3,24,Bogota Sur,17.59,14.34,15.96,17.31,9.53,22.88,13.35,12.56,82.85,2.53,Bogota Sur
2025,3,25,Bogota Sur,18.04,14.07,16.05,17.71,11.3,24.35,13.05,12.34,79.92,1.98,Bogota Sur
2025,3,26,Bogota Sur,-999.0,-999.0,-999.0,-999.0,-999.0,-999.0,-999.0,-999.0,-999.0,-999.0,Bogota Sur
2025,3,27,Bogota Sur,-999.0,-999.0,-999.0,-999.0,-999.0,-999.0,-999.0,-999.0,-999.0,-999.0,Bogota Sur
2025,3,28,Bogota Sur,-999.0,-999.0,-999.0,-999.0,-999.0,-999.0,-999.0,-999.0,-999.0,-999.0,Bogota Sur
2025,3,29,Bogota Sur,-999.0,-999.0,-999.0,-999.0,-999.0,-999.0,-999.0,-999.0,-999.0,-999.0,Bogota Sur
2025,3,30,Bogota Sur,-999.0,-999.0,-999.0,-999.0,-999.0,-999.0,-999.0,-999.0,-999.0,-999.0,Bogota Sur
2025,3,31,Bogota Sur,-999.0,-999.0,-999.0,-999.0,-999.0,-999.0,-999.0,-999.0,-999.0,-999.0,Bogota Sur
2025,3,1,Cucuta,21.95,16.17,19.06,22.09,9.44,26.84,17.4,12.93,71.49,0.6,Cucuta
2025,3,2,Cucuta,22.62,15.87,19.25,22.95,9.86,27.79,17.93,12.69,67.53,0.95,Cucuta
2025,3,3,Cucuta,22.39,16.46,19.43,22.55,10.91,28.17,17.26,13.2,71.4,1.93,Cucuta
2025,3,4,Cucuta,21.62,17.23,19.43,21.62,7.59,25.92,18.33,13.84,77.36,1.15,Cucuta
2025,3,5,Cucuta,21.43,17.53,19.48,21.55,8.53,26.51,17.98,14.12,79.69,5.94,Cucuta
2025,3,6,Cucuta,21.42,17.88,19.65,21.3,7.59,25.67,18.08,14.42,81.41,7.63,Cucuta
2025,3,7,Cucuta,21.49,17.59,19.54,21.43,7.79,26.02,18.23,14.13,79.9,5.8,Cucuta
2025,3,8,Cucuta,21.49,16.94,19.21,21.53,8.33,26.16,17.83,13.55,76.79,3.08,Cucuta
2025,3,9,Cucuta,22.31,15.33,18.82,22.24,11.61,28.36,16.75,12.25,67.09,0.33,Cucuta
2025,3,10,Cucuta,22.55,15.37,18.96,22.58,12.5,28.81,16.31,12.29,66.83,0.13,Cucuta
2025,3,11,Cucuta,22.78,15.27,19.03,22.65,12.91,29.34,16.43,12.22,65.3,0.14,Cucuta
2025,3,12,Cucuta,22.7,16.1,19.4,22.64,12.29,28.92,16.63,12.87,68.57,0.92,Cucuta
2025,3,13,Cucuta,22.4,17.43,19.92,22.2,9.17,27.48,18.31,14.0,75.0,4.93,Cucuta
2025,3,14,Cucuta,22.09,17.22,19.65,21.95,9.07,26.86,17.79,13.82,75.27,2.85,Cucuta
2025,3,15,Cucuta,21.82,17.23,19.53,21.79,10.63,28.13,17.5,13.87,77.39,3.08,Cucuta
2025,3,16,Cucuta,21.04,17.64,19.34,20.78,6.98,25.24,18.26,14.18,81.67,5.53,Cucuta
2025,3,17,Cucuta,22.19,17.99,20.09,22.32,9.75,27.92,18.17,14.51,78.96,7.67,Cucuta
2025,3,18,Cucuta,21.24,18.82,20.03,21.46,7.66,26.24,18.58,15.29,87.3,10.57,Cucuta
2025,3,19,Cucuta,20.88,18.71,19.8,21.05,6.46,24.93,18.47,15.21,88.32,5.73,Cucuta
2025,3,20,Cucuta,22.12,18.22,20.17,22.52,8.8,27.05,18.25,14.73,80.47,2.5,Cucuta
2025,3,21,Cucuta,21.82,18.0,19.91,22.08,9.22,26.98,17.76,14.52,80.77,3.94,Cucuta
2025,3,22,Cucuta,21.76,16.37,19.07,22.06,9.53,26.76,17.23,13.09,73.55,0.53,Cucuta
2025,3,23,Cucuta,21.68,15.95,18.82,22.05,9.03,26.44,17.41,12.73,70.93,1.13,Cucuta
2025,3,24,Cucuta,21.62,15.9,18.76,22.0,9.87,26.72,16.85,12.7,71.52,0.75,Cucuta
2025,3,25,Cucuta,22.17,15.4,18.78,22.59,10.97,27.56,16.59,12.33,68.1,0.61,Cucuta
2025,3,26,Cucuta,-999.0,-999.0,-999.0,-999.0,-999.0,-999.0,-999.0,-999.0,-999.0,-999.0,Cucuta
2025,3,27,Cucuta,-999.0,-999.0,-999.0,-999.0,-999.0,-999.0,-999.0,-999.0,-999.0,-999.0,Cucuta
2025,3,28,Cucuta,-999.0,-999.0,-999.0,-999.0,-999.0,-999.0,-999.0,-999.0,-999.0,-999.0,Cucuta
2025,3,29,Cucuta,-999.0,-999.0,-999.0,-999.0,-999.0,-999.0,-999.0,-999.0,-999.0,-999.0,Cucuta
2025,3,30,Cucuta,-999.0,-999.0,-999.0,-999.0,-999.0,-999.0,-999.0,-999.0,-999.0,-999.0,Cucuta
2025,3,31,Cucuta,-999.0,-999.0,-999.0,-999.0,-999.0,-999.0,-999.0,-999.0,-999.0,-999.0,Cucuta
2025,3,1,Bucaramanga,19.05,14.77,16.91,19.05,10.26,24.76,14.5,12.66,78.38,1.21,Bucaramanga
2025,3,2,Bucaramanga,19.13,14.52,16.83,19.2,12.07,25.84,13.77,12.49,77.36,2.79,Bucaramanga
2025,3,3,Bucaramanga,18.9,15.42,17.16,19.26,9.76,24.68,14.92,13.2,82.24,7.64,Bucaramanga
2025,3,4,Bucaramanga,18.2,15.89,17.05,18.35,5.98,21.99,16.01,13.59,87.14,7.88,Bucaramanga
2025,3,5,Bucaramanga,18.71,16.15,17.43,18.9,7.56,23.45,15.89,13.85,86.13,16.03,Bucaramanga
2025,3,6,Bucaramanga,18.92,15.82,17.37,19.49,8.82,24.32,15.5,13.52,84.07,9.05,Bucaramanga
2025,3,7,Bucaramanga,18.96,15.22,17.09,19.22,10.1,24.66,14.56,12.98,81.02,4.53,Bucaramanga
2025,3,8,Bucaramanga,18.89,14.67,16.78,19.02,11.9,25.42,13.52,12.57,78.9,3.56,Bucaramanga
2025,3,9,Bucaramanga,19.18,14.18,16.68,18.97,12.01,25.62,13.61,12.19,75.82,1.55,Bucaramanga
2025,3,10,Bucaramanga,19.13,14.19,16.66,18.97,11.94,25.69,13.75,12.21,75.85,2.82,Bucaramanga
2025,3,11,Bucaramanga,19.39,14.48,16.93,19.19,11.87,25.96,14.09,12.43,75.91,3.59,Bucaramanga
2025,3,12,Bucaramanga,18.92,14.62,16.77,18.98,12.24,25.49,13.25,12.53,78.65,4.82,Bucaramanga
2025,3,13,Bucaramanga,19.17,15.56,17.36,19.27,9.89,25.0,15.11,13.31,81.35,8.4,Bucaramanga
2025,3,14,Bucaramanga,18.99,15.44,17.21,19.12,10.1,25.13,15.03,13.2,81.79,4.74,Bucaramanga
2025,3,15,Bucaramanga,18.75,15.15,16.95,18.69,10.47,24.87,14.4,12.98,81.63,5.89,Bucaramanga
2025,3,16,Bucaramanga,17.99,15.61,16.8,17.5,5.98,21.49,15.51,13.32,86.47,10.74,Bucaramanga
2025,3,17,Bucaramanga,19.05,15.78,17.41,18.88,10.01,24.55,14.54,13.48,82.71,9.91,Bucaramanga
2025,3,18,Bucaramanga,18.97,16.3,17.63,18.92,8.42,24.45,16.03,13.94,85.76,15.63,Bucaramanga
2025,3,19,Bucaramanga,18.99,16.16,17.58,19.2,9.64,24.46,14.82,13.83,85.18,12.96,Bucaramanga
2025,3,20,Bucaramanga,19.76,16.23,18.0,19.73,9.58,25.09,15.51,13.88,81.63,8.14,Bucaramanga
2025,3,21,Bucaramanga,19.51,16.07,17.79,19.38,9.47,24.93,15.46,13.73,81.88,6.6,Bucaramanga
2025,3,22,Bucaramanga,19.8,14.83,17.31,20.02,11.85,26.16,14.31,12.68,75.61,0.83,Bucaramanga
2025,3,23,Bucaramanga,19.32,14.49,16.91,19.54,11.97,25.4,13.43,12.44,75.42,1.74,Bucaramanga
2025,3,24,Bucaramanga,19.98,14.52,17.25,20.1,12.05,26.22,14.17,12.45,73.52,1.02,Bucaramanga
2025,3,25,Bucaramanga,19.86,13.95,16.91,19.87,12.82,26.56,13.74,12.03,71.6,2.26,Bucaramanga
2025,3,26,Bucaramanga,-999.0,-999.0,-999.0,-999.0,-999.0,-999.0,-999.0,-999.0,-999.0,-999.0,Bucaramanga
2025,3,27,Bucaramanga,-999.0,-999.0,-999.0,-999.0,-999.0,-999.0,-999.0,-999.0,-999.0,-999.0,Bucaramanga
2025,3,28,Bucaramanga,-999.0,-999.0,-999.0,-999.0,-999.0,-999.0,-999.0,-999.0,-999.0,-999.0,Bucaramanga
2025,3,29,Bucaramanga,-999.0,-999.0,-999.0,-999.0,-999.0,-999.0,-999.0,-999.0,-999.0,-999.0,Bucaramanga
2025,3,30,Bucaramanga,-999.0,-999.0,-999.0,-999.0,-999.0,-999.0,-999.0,-999.0,-999.0,-999.0,Bucaramanga
2025,3,31,Bucaramanga,-999.0,-999.0,-999.0,-999.0,-999.0,-999.0,-999.0,-999.0,-999.0,-999.0,Bucaramanga
2025,3,1,Barranquilla,27.92,23.51,25.72,28.52,4.54,30.71,26.17,18.02,77.1,1.54,Barranquilla
2025,3,2,Barranquilla,28.03,23.43,25.73,28.67,5.16,31.33,26.17,17.93,76.42,1.59,Barranquilla
2025,3,3,Barranquilla,27.66,22.88,25.27,28.38,4.45,30.46,26.01,17.31,75.25,0.7,Barranquilla
2025,3,4,Barranquilla,27.8,23.02,25.41,28.55,4.64,30.66,26.02,17.48,75.43,1.67,Barranquilla
2025,3,5,Barranquilla,27.87,23.25,25.56,28.66,5.11,30.92,25.81,17.73,76.24,0.91,Barranquilla
2025,3,6,Barranquilla,27.7,23.27,25.49,28.55,4.57,30.48,25.91,17.73,76.87,1.95,Barranquilla
2025,3,7,Barranquilla,27.61,23.09,25.35,28.2,3.74,29.84,26.1,17.51,76.42,2.06,Barranquilla
2025,3,8,Barranquilla,28.31,23.19,25.75,29.02,6.05,31.95,25.9,17.64,74.37,0.07,Barranquilla
2025,3,9,Barranquilla,28.62,23.32,25.97,29.17,5.68,32.2,26.52,17.79,73.48,0.15,Barranquilla
2025,3,10,Barranquilla,28.5,23.21,25.86,29.12,5.91,32.19,26.28,17.66,73.49,0.78,Barranquilla
2025,3,11,Barranquilla,28.18,23.22,25.7,29.04,5.46,31.68,26.22,17.67,74.73,0.38,Barranquilla
2025,3,12,Barranquilla,28.14,22.97,25.56,28.96,5.44,31.62,26.18,17.39,73.79,0.21,Barranquilla
2025,3,13,Barranquilla,28.32,23.27,25.8,29.07,5.61,31.98,26.37,17.72,74.41,0.15,Barranquilla
2025,3,14,Barranquilla,28.16,23.12,25.64,28.85,4.78,31.2,26.42,17.57,74.3,0.55,Barranquilla
2025,3,15,Barranquilla,28.08,23.28,25.68,28.72,5.38,31.51,26.13,17.75,75.41,2.27,Barranquilla
2025,3,16,Barranquilla,28.61,23.89,26.25,29.17,5.58,32.07,26.49,18.4,75.95,1.33,Barranquilla
2025,3,17,Barranquilla,28.34,24.19,26.26,28.82,4.19,30.99,26.8,18.74,78.37,1.47,Barranquilla
2025,3,18,Barranquilla,27.81,22.83,25.32,28.3,3.62,30.16,26.54,17.23,74.27,0.25,Barranquilla
2025,3,19,Barranquilla,27.71,22.35,25.03,28.32,3.9,30.02,26.12,16.74,72.55,0.04,Barranquilla
2025,3,20,Barranquilla,28.3,24.0,26.15,28.82,5.01,31.28,26.27,18.56,77.74,2.5,Barranquilla
2025,3,21,Barranquilla,28.37,24.69,26.53,28.66,4.15,31.0,26.85,19.36,80.63,1.27,Barranquilla
2025,3,22,Barranquilla,28.69,24.27,26.48,28.89,4.22,30.9,26.68,18.88,77.14,0.61,Barranquilla
2025,3,23,Barranquilla,29.29,23.42,26.36,29.59,6.05,32.82,26.77,17.92,71.0,0.19,Barranquilla
2025,3,24,Barranquilla,29.29,23.48,26.39,29.69,6.13,32.91,26.78,17.99,71.31,0.12,Barranquilla
2025,3,25,Barranquilla,28.8,23.75,26.27,29.13,6.21,32.84,26.63,18.29,74.83,3.43,Barranquilla
2025,3,26,Barranquilla,-999.0,-999.0,-999.0,-999.0,-999.0,-999.0,-999.0,-999.0,-999.0,-999.0,Barranquilla
2025,3,27,Barranquilla,-999.0,-999.0,-999.0,-999.0,-999.0,-999.0,-999.0,-999.0,-999.0,-999.0,Barranquilla
2025,3,28,Barranquilla,-999.0,-999.0,-999.0,-999.0,-999.0,-999.0,-999.0,-999.0,-999.0,-999.0,Barranquilla
2025,3,29,Barranquilla,-999.0,-999.0,-999.0,-999.0,-999.0,-999.0,-999.0,-999.0,-999.0,-999.0,Barranquilla
2025,3,30,Barranquilla,-999.0,-999.0,-999.0,-999.0,-999.0,-999.0,-999.0,-999.0,-999.0,-999.0,Barranquilla
2025,3,31,Barranquilla,-999.0,-999.0,-999.0,-999.0,-999.0,-999.0,-999.0,-999.0,-999.0,-999.0,Barranquilla
2025,3,1,Barrancabermeja,24.44,22.16,23.3,24.2,4.52,27.24,22.72,17.6,87.68,2.63,Barrancabermeja
2025,3,2,Barrancabermeja,24.86,21.72,23.29,24.58,6.98,28.68,21.7,17.11,83.53,4.74,Barrancabermeja
2025,3,3,Barrancabermeja,23.85,22.09,22.97,23.87,4.54,26.66,22.12,17.51,90.51,14.01,Barrancabermeja
2025,3,4,Barrancabermeja,23.21,22.16,22.69,23.21,2.6,24.93,22.33,17.6,94.06,16.86,Barrancabermeja
2025,3,5,Barrancabermeja,23.89,21.9,22.89,23.8,5.31,26.95,21.64,17.31,89.17,13.99,Barrancabermeja
2025,3,6,Barrancabermeja,24.05,22.15,23.1,24.16,5.23,27.07,21.84,17.56,89.78,18.18,Barrancabermeja
2025,3,7,Barrancabermeja,23.3,22.03,22.66,23.44,3.42,25.34,21.92,17.41,92.95,20.32,Barrancabermeja
2025,3,8,Barrancabermeja,24.63,21.47,23.05,24.43,7.64,28.61,20.97,16.81,83.61,3.8,Barrancabermeja
2025,3,9,Barrancabermeja,25.38,21.56,23.47,24.78,6.88,28.86,21.98,16.89,79.95,3.8,Barrancabermeja
2025,3,10,Barrancabermeja,25.26,21.48,23.37,24.66,6.69,28.75,22.06,16.81,80.17,6.07,Barrancabermeja
2025,3,11,Barrancabermeja,25.12,21.76,23.44,24.71,6.64,28.53,21.89,17.12,82.21,6.89,Barrancabermeja
2025,3,12,Barrancabermeja,23.98,21.87,22.92,23.79,4.99,26.8,21.81,17.25,88.51,7.71,Barrancabermeja
2025,3,13,Barrancabermeja,24.72,22.25,23.49,24.45,5.33,27.92,22.59,17.67,86.75,8.67,Barrancabermeja
2025,3,14,Barrancabermeja,24.04,22.21,23.12,23.98,3.79,26.46,22.67,17.64,89.93,9.27,Barrancabermeja
2025,3,15,Barrancabermeja,24.71,21.9,23.3,24.37,5.83,28.03,22.2,17.29,84.99,8.88,Barrancabermeja
2025,3,16,Barrancabermeja,23.15,21.85,22.5,23.11,2.91,24.98,22.07,17.23,92.6,17.68,Barrancabermeja
2025,3,17,Barrancabermeja,24.5,21.91,23.21,24.46,6.97,28.27,21.3,17.27,86.28,11.68,Barrancabermeja
2025,3,18,Barrancabermeja,23.97,22.46,23.21,23.81,3.73,26.1,22.37,17.89,91.57,15.56,Barrancabermeja
2025,3,19,Barrancabermeja,24.23,22.23,23.23,24.13,5.32,27.17,21.85,17.65,89.12,11.21,Barrancabermeja
2025,3,20,Barrancabermeja,24.86,22.61,23.74,24.55,5.2,27.64,22.44,18.07,87.8,11.21,Barrancabermeja
2025,3,21,Barrancabermeja,25.28,23.23,24.26,25.27,6.09,28.78,22.69,18.79,89.12,14.42,Barrancabermeja
2025,3,22,Barrancabermeja,25.68,22.79,24.24,25.72,7.0,29.53,22.53,18.28,85.07,5.32,Barrancabermeja
2025,3,23,Barrancabermeja,25.67,22.16,23.92,25.52,7.82,29.7,21.88,17.62,82.05,3.68,Barrancabermeja
2025,3,24,Barrancabermeja,25.5,22.48,23.99,25.35,6.24,29.4,23.16,17.94,84.28,3.61,Barrancabermeja
2025,3,25,Barrancabermeja,25.4,22.17,23.78,25.08,6.79,29.5,22.71,17.59,83.14,3.74,Barrancabermeja
2025,3,26,Barrancabermeja,-999.0,-999.0,-999.0,-999.0,-999.0,-999.0,-999.0,-999.0,-999.0,-999.0,Barrancabermeja
2025,3,27,Barrancabermeja,-999.0,-999.0,-999.0,-999.0,-999.0,-999.0,-999.0,-999.0,-999.0,-999.0,Barrancabermeja
2025,3,28,Barrancabermeja,-999.0,-999.0,-999.0,-999.0,-999.0,-999.0,-999.0,-999.0,-999.0,-999.0,Barrancabermeja
2025,3,29,Barrancabermeja,-999.0,-999.0,-999.0,-999.0,-999.0,-999.0,-999.0,-999.0,-999.0,-999.0,Barrancabermeja
2025,3,30,Barrancabermeja,-999.0,-999.0,-999.0,-999.0,-999.0,-999.0,-999.0,-999.0,-999.0,-999.0,Barrancabermeja
2025,3,31,Barrancabermeja,-999.0,-999.0,-999.0,-999.0,-999.0,-999.0,-999.0,-999.0,-999.0,-999.0,Barrancabermeja
2025,3,1,Duitama,14.58,12.37,13.48,14.77,7.09,18.85,11.76,11.81,87.83,9.75,Duitama
2025,3,2,Duitama,14.53,12.09,13.31,14.58,7.62,18.91,11.29,11.6,86.72,7.74,Duitama
2025,3,3,Duitama,14.52,11.86,13.19,14.45,7.67,19.11,11.44,11.4,85.51,4.4,Duitama
2025,3,4,Duitama,14.29,12.04,13.17,14.14,7.54,18.26,10.72,11.56,87.37,8.15,Duitama
2025,3,5,Duitama,14.73,13.0,13.86,14.68,5.31,17.9,12.59,12.32,89.96,31.13,Duitama
2025,3,6,Duitama,14.41,12.71,13.56,14.52,4.17,17.12,12.95,12.06,90.23,25.03,Duitama
2025,3,7,Duitama,14.27,11.93,13.1,14.26,6.87,18.52,11.65,11.44,87.1,6.28,Duitama
2025,3,8,Duitama,14.23,10.95,12.59,14.41,10.19,19.83,9.64,10.74,82.84,3.72,Duitama
2025,3,9,Duitama,14.54,10.42,12.48,14.49,10.95,20.77,9.82,10.37,79.51,1.44,Duitama
2025,3,10,Duitama,14.1,9.94,12.02,13.86,11.83,20.65,8.82,10.1,79.76,2.54,Duitama
2025,3,11,Duitama,14.48,11.2,12.84,14.36,9.67,19.66,9.99,10.92,82.93,4.57,Duitama
2025,3,12,Duitama,14.67,11.99,13.33,14.76,8.78,19.44,10.66,11.5,85.66,8.91,Duitama
2025,3,13,Duitama,14.59,12.76,13.67,14.64,6.04,17.81,11.77,12.1,89.51,15.83,Duitama
2025,3,14,Duitama,14.93,12.6,13.76,15.05,7.29,19.33,12.04,11.98,87.29,11.08,Duitama
2025,3,15,Duitama,15.26,12.21,13.73,15.44,9.0,20.47,11.47,11.69,84.08,11.45,Duitama
2025,3,16,Duitama,14.42,12.65,13.53,14.12,5.14,17.69,12.55,11.99,89.66,11.44,Duitama
2025,3,17,Duitama,14.5,12.33,13.42,14.33,8.08,18.89,10.81,11.76,87.79,20.26,Duitama
2025,3,18,Duitama,14.93,12.47,13.7,14.94,8.28,20.05,11.77,11.86,86.68,16.62,Duitama
2025,3,19,Duitama,14.88,12.54,13.71,15.03,7.33,19.22,11.89,11.93,87.16,8.75,Duitama
2025,3,20,Duitama,14.63,12.52,13.58,14.62,7.26,18.74,11.48,11.9,88.2,6.43,Duitama
2025,3,21,Duitama,14.3,12.43,13.37,14.37,7.32,18.38,11.06,11.85,89.38,6.17,Duitama
2025,3,22,Duitama,14.02,11.49,12.75,14.14,8.28,18.75,10.47,11.14,86.24,1.39,Duitama
2025,3,23,Duitama,13.36,11.02,12.19,13.39,10.2,18.29,8.09,10.89,87.14,3.07,Duitama
2025,3,24,Duitama,14.46,10.8,12.63,14.5,10.49,20.34,9.85,10.64,80.88,1.22,Duitama
2025,3,25,Duitama,14.42,10.43,12.42,14.29,12.28,20.92,8.64,10.45,80.11,1.21,Duitama
2025,3,26,Duitama,-999.0,-999.0,-999.0,-999.0,-999.0,-999.0,-999.0,-999.0,-999.0,-999.0,Duitama
2025,3,27,Duitama,-999.0,-999.0,-999.0,-999.0,-999.0,-999.0,-999.0,-999.0,-999.0,-999.0,Duitama
2025,3,28,Duitama,-999.0,-999.0,-999.0,-999.0,-999.0,-999.0,-999.0,-999.0,-999.0,-999.0,Duitama
2025,3,29,Duitama,-999.0,-999.0,-999.0,-999.0,-999.0,-999.0,-999.0,-999.0,-999.0,-999.0,Duitama
2025,3,30,Duitama,-999.0,-999.0,-999.0,-999.0,-999.0,-999.0,-999.0,-999.0,-999.0,-999.0,Duitama
2025,3,31,Duitama,-999.0,-999.0,-999.0,-999.0,-999.0,-999.0,-999.0,-999.0,-999.0,-999.0,Duitama
2025,3,1,Pereira,17.66,15.41,16.54,17.66,6.12,21.57,15.45,13.59,87.68,29.67,Pereira
2025,3,2,Pereira,17.99,14.92,16.45,18.14,7.66,22.95,15.29,13.16,84.07,13.51,Pereira
2025,3,3,Pereira,17.16,15.22,16.19,17.07,4.52,19.87,15.35,13.42,88.96,10.35,Pereira
2025,3,4,Pereira,17.37,15.43,16.4,17.42,5.93,21.19,15.26,13.6,89.16,23.14,Pereira
2025,3,5,Pereira,16.99,15.4,16.2,17.1,4.97,20.32,15.35,13.57,90.93,19.84,Pereira
2025,3,6,Pereira,16.11,15.03,15.57,16.04,3.73,18.41,14.68,13.24,93.56,25.37,Pereira
2025,3,7,Pereira,16.37,14.63,15.5,16.18,5.54,19.51,13.97,12.9,90.1,6.04,Pereira
2025,3,8,Pereira,17.13,15.33,16.23,17.07,5.51,20.28,14.77,13.5,89.8,14.12,Pereira
2025,3,9,Pereira,17.15,15.64,16.4,17.14,4.39,19.81,15.42,13.77,91.28,26.59,Pereira
2025,3,10,Pereira,17.81,15.07,16.44,17.9,7.85,22.79,14.94,13.26,85.61,16.25,Pereira
2025,3,11,Pereira,17.72,15.47,16.59,17.75,7.31,21.93,14.62,13.63,87.76,31.17,Pereira
2025,3,12,Pereira,17.55,15.45,16.5,17.51,5.64,21.62,15.98,13.6,88.5,47.75,Pereira
2025,3,13,Pereira,17.8,15.73,16.76,17.84,6.61,21.81,15.2,13.86,88.56,52.72,Pereira
2025,3,14,Pereira,15.96,14.61,15.28,15.71,2.71,16.86,14.15,12.91,91.96,53.89,Pereira
2025,3,15,Pereira,16.74,14.02,15.38,16.69,9.02,21.82,12.8,12.42,85.31,6.19,Pereira
2025,3,16,Pereira,17.38,15.28,16.33,17.45,6.95,21.8,14.85,13.44,88.45,44.85,Pereira
2025,3,17,Pereira,17.14,15.21,16.18,16.98,4.35,19.7,15.35,13.37,88.91,14.98,Pereira
2025,3,18,Pereira,17.18,14.69,15.94,16.94,6.89,20.96,14.07,12.94,86.31,5.98,Pereira
2025,3,19,Pereira,17.78,15.16,16.47,17.9,8.53,22.73,14.2,13.35,86.07,10.25,Pereira
2025,3,20,Pereira,17.39,15.31,16.35,17.42,7.31,22.05,14.74,13.47,88.56,7.96,Pereira
2025,3,21,Pereira,17.69,15.14,16.42,17.84,8.92,22.58,13.66,13.35,86.44,12.1,Pereira
2025,3,22,Pereira,18.08,15.69,16.89,18.18,7.75,22.86,15.11,13.83,87.23,12.16,Pereira
2025,3,23,Pereira,17.95,15.24,16.6,17.9,8.2,22.72,14.52,13.43,85.58,5.0,Pereira
2025,3,24,Pereira,18.18,14.94,16.56,18.0,9.02,23.41,14.39,13.17,83.21,3.39,Pereira
2025,3,25,Pereira,18.06,15.16,16.61,17.89,7.82,22.3,14.48,13.36,84.59,5.17,Pereira
2025,3,26,Pereira,-999.0,-999.0,-999.0,-999.0,-999.0,-999.0,-999.0,-999.0,-999.0,-999.0,Pereira
2025,3,27,Pereira,-999.0,-999.0,-999.0,-999.0,-999.0,-999.0,-999.0,-999.0,-999.0,-999.0,Pereira
2025,3,28,Pereira,-999.0,-999.0,-999.0,-999.0,-999.0,-999.0,-999.0,-999.0,-999.0,-999.0,Pereira
2025,3,29,Pereira,-999.0,-999.0,-999.0,-999.0,-999.0,-999.0,-999.0,-999.0,-999.0,-999.0,Pereira
2025,3,30,Pereira,-999.0,-999.0,-999.0,-999.0,-999.0,-999.0,-999.0,-999.0,-999.0,-999.0,Pereira
2025,3,31,Pereira,-999.0,-999.0,-999.0,-999.0,-999.0,-999.0,-999.0,-999.0,-999.0,-999.0,Pereira
2025,3,1,Yopal,18.94,15.64,17.29,18.44,5.5,22.29,16.79,13.08,81.85,3.92,Yopal
2025,3,2,Yopal,19.34,15.12,17.23,18.94,7.84,23.53,15.69,12.66,77.8,2.96,Yopal
2025,3,3,Yopal,19.82,15.46,17.64,19.75,7.53,24.03,16.5,12.93,77.44,2.64,Yopal
2025,3,4,Yopal,19.24,16.01,17.63,19.16,6.06,22.97,16.91,13.4,82.35,6.21,Yopal
2025,3,5,Yopal,19.06,16.96,18.01,18.99,5.42,22.55,17.13,14.26,88.22,14.77,Yopal
2025,3,6,Yopal,18.56,16.35,17.45,18.38,5.21,21.59,16.38,13.69,87.66,7.06,Yopal
2025,3,7,Yopal,19.17,15.56,17.36,18.6,6.22,22.73,16.51,12.98,80.51,2.03,Yopal
2025,3,8,Yopal,18.66,14.82,16.74,18.08,6.38,22.39,16.01,12.37,78.88,2.52,Yopal
2025,3,9,Yopal,19.56,13.61,16.59,18.85,10.45,24.71,14.26,11.46,70.31,0.43,Yopal
2025,3,10,Yopal,19.78,13.9,16.84,19.34,11.1,25.43,14.33,11.69,70.86,1.04,Yopal
2025,3,11,Yopal,19.72,14.84,17.28,19.62,9.0,24.52,15.52,12.42,75.17,4.29,Yopal
2025,3,12,Yopal,19.8,15.35,17.58,19.82,9.63,25.11,15.48,12.86,77.84,8.23,Yopal
2025,3,13,Yopal,19.52,16.8,18.16,19.55,6.65,23.46,16.81,14.07,85.28,14.35,Yopal
2025,3,14,Yopal,19.39,16.62,18.01,19.47,6.87,23.46,16.59,13.93,85.12,7.0,Yopal
2025,3,15,Yopal,19.01,16.55,17.78,18.95,7.17,23.76,16.59,13.87,86.87,12.78,Yopal
2025,3,16,Yopal,18.84,16.79,17.81,18.75,6.34,22.82,16.48,14.05,88.72,9.84,Yopal
2025,3,17,Yopal,18.47,16.73,17.6,18.04,5.11,21.89,16.78,14.01,90.05,15.36,Yopal
2025,3,18,Yopal,18.83,16.66,17.74,18.45,6.09,22.63,16.54,13.96,87.77,12.15,Yopal
2025,3,19,Yopal,18.74,17.13,17.93,18.71,5.36,22.04,16.68,14.38,90.81,15.47,Yopal
2025,3,20,Yopal,18.89,16.97,17.93,18.92,6.16,22.75,16.59,14.22,89.36,13.29,Yopal
2025,3,21,Yopal,18.76,17.06,17.91,18.54,5.16,21.8,16.64,14.32,90.26,14.01,Yopal
2025,3,22,Yopal,18.93,15.9,17.41,18.46,7.08,23.25,16.17,13.28,83.62,2.99,Yopal
2025,3,23,Yopal,18.23,15.53,16.88,17.72,6.32,21.85,15.53,13.0,84.72,4.9,Yopal
2025,3,24,Yopal,18.76,15.28,17.02,18.14,6.63,22.8,16.17,12.77,81.04,1.84,Yopal
2025,3,25,Yopal,19.03,14.58,16.81,18.33,9.33,23.73,14.4,12.22,77.08,0.23,Yopal
2025,3,26,Yopal,-999.0,-999.0,-999.0,-999.0,-999.0,-999.0,-999.0,-999.0,-999.0,-999.0,Yopal
2025,3,27,Yopal,-999.0,-999.0,-999.0,-999.0,-999.0,-999.0,-999.0,-999.0,-999.0,-999.0,Yopal
2025,3,28,Yopal,-999.0,-999.0,-999.0,-999.0,-999.0,-999.0,-999.0,-999.0,-999.0,-999.0,Yopal
2025,3,29,Yopal,-999.0,-999.0,-999.0,-999.0,-999.0,-999.0,-999.0,-999.0,-999.0,-999.0,Yopal
2025,3,30,Yopal,-999.0,-999.0,-999.0,-999.0,-999.0,-999.0,-999.0,-999.0,-999.0,-999.0,Yopal
2025,3,31,Yopal,-999.0,-999.0,-999.0,-999.0,-999.0,-999.0,-999.0,-999.0,-999.0,-999.0,Yopal
2025,3,1,Monteria,28.08,23.93,26.0,28.68,9.5,33.68,24.18,18.58,79.96,3.52,Monteria
2025,3,2,Monteria,27.71,24.17,25.94,28.16,7.83,32.66,24.83,18.84,82.37,6.5,Monteria
2025,3,3,Monteria,27.27,23.6,25.44,27.68,8.16,32.17,24.01,18.2,81.8,7.12,Monteria
2025,3,4,Monteria,27.31,23.3,25.3,27.89,9.36,32.57,23.21,17.87,80.25,4.99,Monteria
2025,3,5,Monteria,27.17,23.71,25.44,27.65,8.56,32.58,24.02,18.32,82.55,8.51,Monteria
2025,3,6,Monteria,27.26,23.46,25.36,27.78,9.0,32.88,23.88,18.03,81.38,8.87,Monteria
2025,3,7,Monteria,27.4,23.58,25.49,27.93,9.14,32.81,23.67,18.15,81.33,5.23,Monteria
2025,3,8,Monteria,28.42,23.54,25.98,28.9,10.37,33.99,23.62,18.11,76.87,2.9,Monteria
2025,3,9,Monteria,28.53,23.9,26.22,29.13,9.83,34.2,24.37,18.53,78.0,4.27,Monteria
2025,3,10,Monteria,28.4,23.73,26.07,29.06,10.38,34.39,24.01,18.34,78.09,2.54,Monteria
2025,3,11,Monteria,27.97,23.24,25.6,28.68,9.56,33.57,24.01,17.77,77.18,0.88,Monteria
2025,3,12,Monteria,28.29,23.01,25.65,28.99,9.25,33.68,24.43,17.51,74.61,0.92,Monteria
2025,3,13,Monteria,27.86,23.3,25.58,28.46,9.25,33.32,24.07,17.84,77.7,4.72,Monteria
2025,3,14,Monteria,28.0,23.5,25.75,28.65,9.37,33.96,24.59,18.08,78.29,4.7,Monteria
2025,3,15,Monteria,28.04,23.19,25.62,28.84,10.59,33.97,23.38,17.76,77.09,5.49,Monteria
2025,3,16,Monteria,27.51,23.86,25.68,27.98,8.45,32.69,24.24,18.46,81.73,9.97,Monteria
2025,3,17,Monteria,27.99,24.3,26.15,28.53,9.09,33.65,24.56,18.96,82.04,10.86,Monteria
2025,3,18,Monteria,26.98,24.42,25.7,27.16,5.41,30.22,24.81,19.12,86.5,10.58,Monteria
2025,3,19,Monteria,27.37,23.65,25.51,27.79,8.24,31.96,23.72,18.26,81.32,6.68,Monteria
2025,3,20,Monteria,28.01,23.8,25.91,28.59,10.09,33.57,23.48,18.43,79.47,4.4,Monteria
2025,3,21,Monteria,28.52,24.86,26.69,28.8,8.05,33.03,24.98,19.65,81.93,7.07,Monteria
2025,3,22,Monteria,29.01,24.79,26.9,29.21,8.97,34.0,25.03,19.6,79.69,2.68,Monteria
2025,3,23,Monteria,29.43,25.07,27.25,29.74,9.13,34.54,25.41,19.94,79.13,2.25,Monteria
2025,3,24,Monteria,29.67,24.96,27.32,30.19,9.88,35.12,25.24,19.8,77.73,1.59,Monteria
2025,3,25,Monteria,29.68,24.9,27.29,30.22,9.31,34.85,25.54,19.7,77.16,3.67,Monteria
2025,3,26,Monteria,-999.0,-999.0,-999.0,-999.0,-999.0,-999.0,-999.0,-999.0,-999.0,-999.0,Monteria
2025,3,27,Monteria,-999.0,-999.0,-999.0,-999.0,-999.0,-999.0,-999.0,-999.0,-999.0,-999.0,Monteria
2025,3,28,Monteria,-999.0,-999.0,-999.0,-999.0,-999.0,-999.0,-999.0,-999.0,-999.0,-999.0,Monteria
2025,3,29,Monteria,-999.0,-999.0,-999.0,-999.0,-999.0,-999.0,-999.0,-999.0,-999.0,-999.0,Monteria
2025,3,30,Monteria,-999.0,-999.0,-999.0,-999.0,-999.0,-999.0,-999.0,-999.0,-999.0,-999.0,Monteria
2025,3,31,Monteria,-999.0,-999.0,-999.0,-999.0,-999.0,-999.0,-999.0,-999.0,-999.0,-999.0,Monteria
2025,3,1,San Andres,28.16,24.05,26.1,28.82,4.19,30.73,26.54,18.62,78.39,2.27,San Andres
2025,3,2,San Andres,28.17,23.98,26.08,28.86,4.09,30.72,26.63,18.52,77.98,2.23,San Andres
2025,3,3,San Andres,28.02,23.18,25.6,28.68,4.01,30.6,26.59,17.63,74.94,0.47,San Andres
2025,3,4,San Andres,28.14,23.47,25.81,28.87,4.09,30.64,26.55,17.95,75.73,0.82,San Andres
2025,3,5,San Andres,28.17,23.63,25.9,28.91,4.35,30.83,26.48,18.13,76.34,1.4,San Andres
2025,3,6,San Andres,28.01,23.61,25.81,28.71,3.84,30.37,26.53,18.08,76.89,2.68,San Andres
2025,3,7,San Andres,27.83,23.34,25.58,28.37,3.37,29.73,26.36,17.77,76.56,1.92,San Andres
2025,3,8,San Andres,28.42,23.84,26.13,29.28,5.6,31.93,26.33,18.33,76.31,0.16,San Andres
2025,3,9,San Andres,28.65,24.08,26.36,29.31,5.07,31.78,26.71,18.61,76.27,0.84,San Andres
2025,3,10,San Andres,28.37,23.64,26.0,29.16,4.67,31.23,26.56,18.12,75.6,0.37,San Andres
2025,3,11,San Andres,28.01,23.73,25.87,28.81,4.31,30.89,26.58,18.22,77.44,0.26,San Andres
2025,3,12,San Andres,28.03,23.41,25.72,28.8,4.37,30.89,26.52,17.85,75.87,0.45,San Andres
2025,3,13,San Andres,28.31,23.79,26.05,29.02,4.78,31.49,26.71,18.29,76.44,0.61,San Andres
2025,3,14,San Andres,28.14,23.69,25.92,28.74,4.06,30.71,26.65,18.19,76.67,2.03,San Andres
2025,3,15,San Andres,28.17,23.58,25.87,29.04,4.81,31.24,26.43,18.07,76.15,1.49,San Andres
2025,3,16,San Andres,28.35,24.06,26.2,29.04,4.25,30.79,26.54,18.58,77.55,1.01,San Andres
2025,3,17,San Andres,28.43,24.66,26.55,28.85,3.72,30.76,27.04,19.27,79.99,2.05,San Andres
2025,3,18,San Andres,27.94,23.22,25.58,28.33,3.19,30.05,26.86,17.64,75.37,0.35,San Andres
2025,3,19,San Andres,27.82,22.75,25.29,28.41,3.54,29.99,26.45,17.14,73.69,0.01,San Andres
2025,3,20,San Andres,28.47,24.29,26.38,29.0,4.5,31.23,26.73,18.88,78.06,3.27,San Andres
2025,3,21,San Andres,28.19,25.07,26.63,28.48,3.25,30.34,27.09,19.82,83.19,1.91,San Andres
2025,3,22,San Andres,28.49,24.96,26.73,28.71,3.6,30.56,26.96,19.7,81.22,0.47,San Andres
2025,3,23,San Andres,28.99,24.7,26.84,29.38,5.72,32.7,26.98,19.38,77.79,1.11,San Andres
2025,3,24,San Andres,29.18,24.83,27.0,29.79,6.24,33.23,26.99,19.54,77.7,0.09,San Andres
2025,3,25,San Andres,28.78,24.89,26.83,29.14,5.89,32.87,26.98,19.62,79.83,3.07,San Andres
2025,3,26,San Andres,-999.0,-999.0,-999.0,-999.0,-999.0,-999.0,-999.0,-999.0,-999.0,-999.0,San Andres
2025,3,27,San Andres,-999.0,-999.0,-999.0,-999.0,-999.0,-999.0,-999.0,-999.0,-999.0,-999.0,San Andres
2025,3,28,San Andres,-999.0,-999.0,-999.0,-999.0,-999.0,-999.0,-999.0,-999.0,-999.0,-999.0,San Andres
2025,3,29,San Andres,-999.0,-999.0,-999.0,-999.0,-999.0,-999.0,-999.0,-999.0,-999.0,-999.0,San Andres
2025,3,30,San Andres,-999.0,-999.0,-999.0,-999.0,-999.0,-999.0,-999.0,-999.0,-999.0,-999.0,San Andres
2025,3,31,San Andres,-999.0,-999.0,-999.0,-999.0,-999.0,-999.0,-999.0,-999.0,-999.0,-999.0,San Andres
2025,3,1,San Gil,17.24,13.73,15.48,17.37,9.52,22.92,13.4,12.33,81.78,4.24,San Gil
2025,3,2,San Gil,17.16,13.47,15.31,17.24,9.96,22.83,12.87,12.14,80.99,5.87,San Gil
2025,3,3,San Gil,17.1,13.99,15.54,17.3,8.33,22.08,13.75,12.53,83.61,8.83,San Gil
2025,3,4,San Gil,16.96,14.28,15.62,17.14,7.96,21.71,13.75,12.77,85.47,13.33,San Gil
2025,3,5,San Gil,16.84,14.89,15.86,16.94,5.78,20.57,14.79,13.31,88.96,28.18,San Gil
2025,3,6,San Gil,16.92,14.59,15.76,17.33,6.33,21.04,14.71,13.02,87.24,16.7,San Gil
2025,3,7,San Gil,17.1,13.9,15.5,17.33,8.71,22.22,13.51,12.42,83.16,9.38,San Gil
2025,3,8,San Gil,17.01,13.09,15.05,17.2,11.49,23.25,11.76,11.82,79.98,4.2,San Gil
2025,3,9,San Gil,17.12,12.71,14.92,17.01,11.44,23.36,11.92,11.53,78.19,1.96,San Gil
2025,3,10,San Gil,16.93,12.46,14.69,16.78,12.08,23.51,11.43,11.37,78.15,3.32,San Gil
2025,3,11,San Gil,17.19,13.16,15.17,17.08,10.72,23.09,12.37,11.88,79.56,4.89,San Gil
2025,3,12,San Gil,16.97,13.56,15.26,17.06,10.91,22.81,11.9,12.18,82.48,8.27,San Gil
2025,3,13,San Gil,17.29,14.43,15.86,17.43,8.03,21.98,13.95,12.89,84.56,12.16,San Gil
2025,3,14,San Gil,17.31,14.37,15.84,17.43,8.92,22.74,13.82,12.83,84.57,8.34,San Gil
2025,3,15,San Gil,17.21,13.91,15.56,17.3,10.21,22.77,12.56,12.49,83.03,9.29,San Gil
2025,3,16,San Gil,16.32,14.45,15.39,15.93,5.44,19.66,14.22,12.89,89.21,13.86,San Gil
2025,3,17,San Gil,16.96,14.38,15.67,16.79,9.05,21.92,12.87,12.84,85.99,18.23,San Gil
2025,3,18,San Gil,17.28,14.67,15.98,17.35,7.96,22.18,14.22,13.08,85.93,20.45,San Gil
2025,3,19,San Gil,17.32,14.66,15.99,17.39,8.73,22.43,13.7,13.09,85.73,14.85,San Gil
2025,3,20,San Gil,17.72,14.72,16.22,17.7,9.08,22.8,13.72,13.12,84.08,7.93,San Gil
2025,3,21,San Gil,17.39,14.51,15.95,17.25,8.79,22.23,13.44,12.95,84.41,7.33,San Gil
2025,3,22,San Gil,17.66,13.49,15.58,17.77,11.34,23.76,12.42,12.13,78.97,1.56,San Gil
2025,3,23,San Gil,17.16,13.19,15.17,17.25,11.73,22.94,11.21,11.92,79.34,2.75,San Gil
2025,3,24,San Gil,17.83,12.87,15.35,17.8,11.7,24.08,12.38,11.65,75.35,1.54,San Gil
2025,3,25,San Gil,17.73,12.49,15.11,17.53,12.64,24.43,11.79,11.39,74.29,2.32,San Gil
2025,3,26,San Gil,-999.0,-999.0,-999.0,-999.0,-999.0,-999.0,-999.0,-999.0,-999.0,-999.0,San Gil
2025,3,27,San Gil,-999.0,-999.0,-999.0,-999.0,-999.0,-999.0,-999.0,-999.0,-999.0,-999.0,San Gil
2025,3,28,San Gil,-999.0,-999.0,-999.0,-999.0,-999.0,-999.0,-999.0,-999.0,-999.0,-999.0,San Gil
2025,3,29,San Gil,-999.0,-999.0,-999.0,-999.0,-999.0,-999.0,-999.0,-999.0,-999.0,-999.0,San Gil
2025,3,30,San Gil,-999.0,-999.0,-999.0,-999.0,-999.0,-999.0,-999.0,-999.0,-999.0,-999.0,San Gil
2025,3,31,San Gil,-999.0,-999.0,-999.0,-999.0,-999.0,-999.0,-999.0,-999.0,-999.0,-999.0,San Gil
2025,3,1,Aguachica,27.15,20.18,23.66,27.41,9.71,32.03,22.32,15.42,67.38,0.83,Aguachica
2025,3,2,Aguachica,27.01,20.84,23.92,27.56,9.76,32.56,22.8,16.09,71.1,3.93,Aguachica
2025,3,3,Aguachica,26.74,20.42,23.58,27.3,10.17,32.31,22.14,15.68,70.54,1.94,Aguachica
2025,3,4,Aguachica,26.33,20.54,23.43,26.74,8.17,30.79,22.62,15.77,71.96,1.74,Aguachica
2025,3,5,Aguachica,26.08,21.15,23.62,26.6,8.01,30.76,22.75,16.38,75.48,5.07,Aguachica
2025,3,6,Aguachica,25.86,21.37,23.62,26.5,8.61,30.89,22.28,16.6,77.99,6.17,Aguachica
2025,3,7,Aguachica,26.07,21.06,23.57,26.69,9.01,31.1,22.09,16.25,75.72,4.85,Aguachica
2025,3,8,Aguachica,26.48,20.56,23.52,27.02,10.5,32.21,21.71,15.77,71.9,2.77,Aguachica
2025,3,9,Aguachica,27.29,20.28,23.79,27.57,10.81,32.97,22.16,15.51,67.86,1.27,Aguachica
2025,3,10,Aguachica,27.56,19.97,23.76,27.89,11.26,33.4,22.14,15.22,65.84,1.32,Aguachica
2025,3,11,Aguachica,27.58,20.07,23.83,28.05,11.36,33.6,22.24,15.32,66.01,1.22,Aguachica
2025,3,12,Aguachica,27.23,20.35,23.79,27.7,10.56,32.92,22.36,15.56,68.16,1.75,Aguachica
2025,3,13,Aguachica,26.97,20.73,23.85,27.43,9.85,32.24,22.39,15.93,70.47,2.9,Aguachica
2025,3,14,Aguachica,26.88,20.59,23.73,27.37,9.86,32.07,22.21,15.83,70.64,2.06,Aguachica
2025,3,15,Aguachica,27.23,20.39,23.81,27.81,10.88,33.0,22.12,15.67,68.83,3.62,Aguachica
2025,3,16,Aguachica,26.36,21.71,24.03,26.92,8.41,30.82,22.41,16.94,77.23,8.1,Aguachica
2025,3,17,Aguachica,26.84,22.28,24.56,27.45,8.87,31.82,22.95,17.53,77.81,10.83,Aguachica
2025,3,18,Aguachica,25.96,22.13,24.05,26.5,6.68,29.95,23.27,17.39,80.57,7.93,Aguachica
2025,3,19,Aguachica,26.08,21.48,23.78,26.67,8.01,30.56,22.55,16.71,77.14,2.3,Aguachica
2025,3,20,Aguachica,26.69,21.69,24.19,27.25,9.25,31.67,22.42,16.93,75.36,4.53,Aguachica
2025,3,21,Aguachica,26.88,21.98,24.43,27.31,8.58,31.79,23.21,17.24,75.9,6.12,Aguachica
2025,3,22,Aguachica,27.6,20.86,24.23,27.96,10.9,33.46,22.56,16.1,68.88,0.26,Aguachica
2025,3,23,Aguachica,27.61,20.3,23.96,27.74,10.06,32.82,22.76,15.53,65.66,0.85,Aguachica
2025,3,24,Aguachica,28.12,19.78,23.95,28.49,10.52,33.63,23.11,15.03,61.92,0.3,Aguachica
2025,3,25,Aguachica,28.29,20.0,24.15,28.53,10.46,33.72,23.26,15.25,62.69,1.47,Aguachica
2025,3,26,Aguachica,-999.0,-999.0,-999.0,-999.0,-999.0,-999.0,-999.0,-999.0,-999.0,-999.0,Aguachica
2025,3,27,Aguachica,-999.0,-999.0,-999.0,-999.0,-999.0,-999.0,-999.0,-999.0,-999.0,-999.0,Aguachica
2025,3,28,Aguachica,-999.0,-999.0,-999.0,-999.0,-999.0,-999.0,-999.0,-999.0,-999.0,-999.0,Aguachica
2025,3,29,Aguachica,-999.0,-999.0,-999.0,-999.0,-999.0,-999.0,-999.0,-999.0,-999.0,-999.0,Aguachica
2025,3,30,Aguachica,-999.0,-999.0,-999.0,-999.0,-999.0,-999.0,-999.0,-999.0,-999.0,-999.0,Aguachica
2025,3,31,Aguachica,-999.0,-999.0,-999.0,-999.0,-999.0,-999.0,-999.0,-999.0,-999.0,-999.0,Aguachica
2025,3,1,Tunja,14.57,12.83,13.7,14.73,5.81,17.86,12.05,12.02,89.97,11.7,Tunja
2025,3,2,Tunja,14.64,12.59,13.61,14.72,6.26,18.3,12.04,11.83,88.4,5.78,Tunja
2025,3,3,Tunja,14.6,12.38,13.49,14.77,6.71,18.54,11.83,11.66,87.56,3.32,Tunja
2025,3,4,Tunja,14.33,12.54,13.43,14.3,5.46,17.46,12.0,11.8,89.61,4.93,Tunja
2025,3,5,Tunja,14.81,13.28,14.04,14.8,4.79,17.6,12.81,12.4,90.93,29.63,Tunja
2025,3,6,Tunja,14.33,12.86,13.6,14.46,3.5,16.55,13.05,12.04,91.34,26.53,Tunja
2025,3,7,Tunja,14.2,12.34,13.27,14.16,4.68,17.08,12.4,11.61,89.15,3.0,Tunja
2025,3,8,Tunja,14.21,11.81,13.01,14.41,7.92,18.54,10.62,11.22,86.62,4.05,Tunja
2025,3,9,Tunja,14.63,11.33,12.98,14.9,9.82,20.21,10.39,10.86,82.66,1.44,Tunja
2025,3,10,Tunja,14.44,11.07,12.76,14.64,10.11,20.2,10.09,10.71,82.61,3.42,Tunja
2025,3,11,Tunja,14.79,12.07,13.43,15.02,9.27,19.92,10.65,11.42,85.45,6.0,Tunja
2025,3,12,Tunja,15.03,12.48,13.75,15.25,7.37,19.12,11.75,11.72,85.94,6.23,Tunja
2025,3,13,Tunja,15.08,13.25,14.16,15.29,6.42,18.9,12.48,12.34,89.51,22.92,Tunja
2025,3,14,Tunja,14.73,13.15,13.94,14.95,5.36,17.98,12.62,12.27,90.81,12.02,Tunja
2025,3,15,Tunja,15.3,12.98,14.14,15.53,7.02,19.76,12.74,12.13,87.19,13.6,Tunja
2025,3,16,Tunja,14.97,13.05,14.01,15.03,5.1,18.05,12.95,12.17,88.94,9.17,Tunja
2025,3,17,Tunja,14.45,12.88,13.66,14.23,5.51,17.79,12.28,12.04,90.7,15.35,Tunja
2025,3,18,Tunja,15.09,12.92,14.01,15.12,7.02,19.6,12.58,12.07,87.71,12.86,Tunja
2025,3,19,Tunja,14.78,13.19,13.99,15.08,5.63,18.13,12.5,12.3,90.74,9.24,Tunja
2025,3,20,Tunja,14.56,13.16,13.86,14.7,5.55,17.71,12.16,12.26,91.76,10.99,Tunja
2025,3,21,Tunja,14.38,13.02,13.7,14.49,5.45,17.46,12.01,12.16,92.01,10.14,Tunja
2025,3,22,Tunja,14.13,12.24,13.18,14.29,5.52,17.1,11.58,11.53,89.2,2.19,Tunja
2025,3,23,Tunja,13.51,11.8,12.66,13.47,7.27,17.25,9.98,11.25,89.96,3.95,Tunja
2025,3,24,Tunja,14.29,11.89,13.09,14.4,7.85,18.75,10.9,11.28,86.63,1.95,Tunja
2025,3,25,Tunja,14.61,11.43,13.02,14.69,9.16,19.73,10.57,10.95,83.08,1.1,Tunja
2025,3,26,Tunja,-999.0,-999.0,-999.0,-999.0,-999.0,-999.0,-999.0,-999.0,-999.0,-999.0,Tunja
2025,3,27,Tunja,-999.0,-999.0,-999.0,-999.0,-999.0,-999.0,-999.0,-999.0,-999.0,-999.0,Tunja
2025,3,28,Tunja,-999.0,-999.0,-999.0,-999.0,-999.0,-999.0,-999.0,-999.0,-999.0,-999.0,Tunja
2025,3,29,Tunja,-999.0,-999.0,-999.0,-999.0,-999.0,-999.0,-999.0,-999.0,-999.0,-999.0,Tunja
2025,3,30,Tunja,-999.0,-999.0,-999.0,-999.0,-999.0,-999.0,-999.0,-999.0,-999.0,-999.0,Tunja
2025,3,31,Tunja,-999.0,-999.0,-999.0,-999.0,-999.0,-999.0,-999.0,-999.0,-999.0,-999.0,Tunja
2025,3,1,Argentina,27.83,20.14,23.98,28.23,8.38,33.05,24.67,14.76,65.15,2.39,Argentina
2025,3,2,Argentina,24.02,20.81,22.41,23.96,2.64,25.36,22.72,15.24,82.28,7.82,Argentina
2025,3,3,Argentina,25.05,23.19,24.12,25.0,3.86,27.51,23.65,17.68,89.68,10.29,Argentina
2025,3,4,Argentina,26.38,23.37,24.88,26.44,8.14,31.03,22.89,17.86,84.17,5.02,Argentina
2025,3,5,Argentina,30.34,23.39,26.86,30.28,11.93,37.08,25.15,17.87,68.24,1.33,Argentina
2025,3,6,Argentina,30.64,21.84,26.24,30.62,12.67,37.39,24.72,16.24,61.56,2.13,Argentina
2025,3,7,Argentina,30.7,20.51,25.6,30.66,11.3,36.69,25.39,14.95,55.93,3.31,Argentina
2025,3,8,Argentina,21.49,14.92,18.21,21.4,10.78,28.15,17.37,10.97,67.9,11.1,Argentina
2025,3,9,Argentina,18.83,9.35,14.09,19.79,11.19,24.66,13.47,7.21,56.51,0.0,Argentina
2025,3,10,Argentina,20.69,10.5,15.6,21.07,13.28,26.97,13.69,7.86,54.79,0.0,Argentina
2025,3,11,Argentina,20.0,9.97,14.99,20.51,8.98,24.43,15.45,7.59,53.5,3.68,Argentina
2025,3,12,Argentina,18.16,10.29,14.23,18.99,8.74,23.19,14.45,7.69,62.99,4.14,Argentina
2025,3,13,Argentina,17.64,7.88,12.76,18.43,10.64,23.34,12.7,6.61,56.88,0.02,Argentina
2025,3,14,Argentina,19.02,12.36,15.69,19.78,12.6,25.2,12.6,8.84,68.38,0.11,Argentina
2025,3,15,Argentina,21.03,13.2,17.12,21.76,11.88,27.05,15.17,9.34,63.96,0.08,Argentina
2025,3,16,Argentina,22.33,14.02,18.17,22.82,10.7,27.79,17.09,9.86,61.9,0.0,Argentina
2025,3,17,Argentina,24.16,15.38,19.77,24.98,12.96,30.81,17.85,10.76,60.98,0.12,Argentina
2025,3,18,Argentina,25.72,16.18,20.95,26.18,14.0,32.8,18.8,11.34,58.11,0.87,Argentina
2025,3,19,Argentina,26.3,14.47,20.38,26.48,14.48,33.73,19.25,10.18,50.81,0.0,Argentina
2025,3,20,Argentina,26.69,12.84,19.76,26.83,14.67,34.4,19.73,9.18,45.45,0.0,Argentina
2025,3,21,Argentina,27.22,14.17,20.7,27.48,13.14,33.83,20.69,10.0,46.36,0.03,Argentina
2025,3,22,Argentina,24.96,16.32,20.63,24.99,8.43,28.84,20.41,11.49,59.71,4.65,Argentina
2025,3,23,Argentina,21.6,17.81,19.7,22.08,6.76,25.68,18.92,12.61,79.93,0.89,Argentina
2025,3,24,Argentina,21.43,17.33,19.38,21.86,5.39,24.47,19.08,12.19,78.01,1.42,Argentina
2025,3,25,Argentina,21.74,15.28,18.51,22.64,9.4,27.18,17.78,10.67,68.26,0.2,Argentina
2025,3,26,Argentina,-999.0,-999.0,-999.0,-999.0,-999.0,-999.0,-999.0,-999.0,-999.0,-999.0,Argentina
2025,3,27,Argentina,-999.0,-999.0,-999.0,-999.0,-999.0,-999.0,-999.0,-999.0,-999.0,-999.0,Argentina
2025,3,28,Argentina,-999.0,-999.0,-999.0,-999.0,-999.0,-999.0,-999.0,-999.0,-999.0,-999.0,Argentina
2025,3,29,Argentina,-999.0,-999.0,-999.0,-999.0,-999.0,-999.0,-999.0,-999.0,-999.0,-999.0,Argentina
2025,3,30,Argentina,-999.0,-999.0,-999.0,-999.0,-999.0,-999.0,-999.0,-999.0,-999.0,-999.0,Argentina
2025,3,31,Argentina,-999.0,-999.0,-999.0,-999.0,-999.0,-999.0,-999.0,-999.0,-999.0,-999.0,Argentina
